,PROCEDIMENTO,RN (alteração),VIGÊNCIA,OD,AMB,HCO,HSO,REF,PAC,DUT,SUBGRUPO,GRUPO,CAPITULO
0,ENUCLEAÇÃO DE METÁSTASES HEPÁTICAS,,,,,HCO,HSO,REF,,,FÍGADO E VIAS BILIARES,SISTEMA DIGESTIVO E ANEXOS,PROCEDIMENTOS CIRÚRGICOS E INVASIVOS
1,ENUCLEAÇÃO DE METÁSTASES HEPÁTICAS POR VIDEOLAPAROSCOPIA,,,,,HCO,HSO,REF,,,FÍGADO E VIAS BILIARES,SISTEMA DIGESTIVO E ANEXOS,PROCEDIMENTOS CIRÚRGICOS E INVASIVOS
2,ESCLEROSE PERCUTÂNEA DIRIGIDA OU NÃO DE TUMOR HEPÁTICO (ALCOOLIZAÇÃO),,,,,HCO,HSO,REF,,,FÍGADO E VIAS BILIARES,SISTEMA DIGESTIVO E ANEXOS,PROCEDIMENTOS CIRÚRGICOS E INVASIVOS
3,HEPATORRAFIA,,,,,HCO,HSO,REF,,,FÍGADO E VIAS BILIARES,SISTEMA DIGESTIVO E ANEXOS,PROCEDIMENTOS CIRÚRGICOS E INVASIVOS
4,HEPATORRAFIA COMPLEXA C/LESÃO DE ESTRUTURAS VASCULARES BILIARES,,,,,HCO,HSO,REF,,,FÍGADO E VIAS BILIARES,SISTEMA DIGESTIVO E ANEXOS,PROCEDIMENTOS CIRÚRGICOS E INVASIVOS
5,LOBECTOMIA HEPÁTICA,,,,,HCO,HSO,REF,,,FÍGADO E VIAS BILIARES,SISTEMA DIGESTIVO E ANEXOS,PROCEDIMENTOS CIRÚRGICOS E INVASIVOS
6,PAPILOTOMIA TRANSDUODENAL,,,,,HCO,HSO,REF,,,FÍGADO E VIAS BILIARES,SISTEMA DIGESTIVO E ANEXOS,PROCEDIMENTOS CIRÚRGICOS E INVASIVOS
7,PUNÇÃO HEPÁTICA PARA DRENAGEM DE ABSCESSOS,,,,,HCO,HSO,REF,,,FÍGADO E VIAS BILIARES,SISTEMA DIGESTIVO E ANEXOS,PROCEDIMENTOS CIRÚRGICOS E INVASIVOS
8,PUNÇÃO HEPÁTICA PARA DRENAGEM DE ABSCESSOS POR VIDEOLAPAROSCOPIA,,,,,HCO,HSO,REF,,,FÍGADO E VIAS BILIARES,SISTEMA DIGESTIVO E ANEXOS,PROCEDIMENTOS CIRÚRGICOS E INVASIVOS
9,CISTO DE COLÉDOCO - TRATAMENTO CIRÚRGICO,,,,,HCO,HSO,REF,,,FÍGADO E VIAS BILIARES,SISTEMA DIGESTIVO E ANEXOS,PROCEDIMENTOS CIRÚRGICOS E INVASIVOS
10,ABLAÇÃO POR RADIOFREQUÊNCIA/CRIOABLAÇÃO PERCUTÂNEA DO CÂNCER PRIMÁRIO HEPÁTICO GUIADA POR ULTRASSONOGRAFIA E/OU TOMOGRAFIA COMPUTADORIZADA (COM DIRETRIZ DE UTILIZAÇÃO),,,,,HCO,HSO,REF,,1.0,FÍGADO E VIAS BILIARES,SISTEMA DIGESTIVO E ANEXOS,PROCEDIMENTOS CIRÚRGICOS E INVASIVOS
11,ABLAÇÃO POR RADIOFREQUÊNCIA/CRIOABLAÇÃO DO CÂNCER PRIMÁRIO HEPÁTICO POR LAPAROTOMIA (COM DIRETRIZ DE UTILIZAÇÃO),,,,,HCO,HSO,REF,,1.0,FÍGADO E VIAS BILIARES,SISTEMA DIGESTIVO E ANEXOS,PROCEDIMENTOS CIRÚRGICOS E INVASIVOS
12,ABLAÇÃO POR RADIOFREQUÊNCIA/CRIOABLAÇÃO DO CÂNCER PRIMÁRIO HEPÁTICO POR VIDEOLAPAROSCOPIA (COM DIRETRIZ DE UTILIZAÇÃO),,,,,HCO,HSO,REF,,1.0,FÍGADO E VIAS BILIARES,SISTEMA DIGESTIVO E ANEXOS,PROCEDIMENTOS CIRÚRGICOS E INVASIVOS
13,RESSECÇÃO DE CISTO HEPÁTICO COM OU SEM HEPATECTOMIA,,,,,HCO,HSO,REF,,,FÍGADO E VIAS BILIARES,SISTEMA DIGESTIVO E ANEXOS,PROCEDIMENTOS CIRÚRGICOS E INVASIVOS
14,RESSECÇÃO DE CISTO HEPÁTICO COM OU SEM HEPATECTOMIA POR VIDEOLAPAROSCOPIA,,,,,HCO,HSO,REF,,,FÍGADO E VIAS BILIARES,SISTEMA DIGESTIVO E ANEXOS,PROCEDIMENTOS CIRÚRGICOS E INVASIVOS
15,RESSECÇÃO DE TUMOR DE VESÍCULA OU DA VIA BILIAR COM OU SEM HEPATECTOMIA,,,,,HCO,HSO,REF,,,FÍGADO E VIAS BILIARES,SISTEMA DIGESTIVO E ANEXOS,PROCEDIMENTOS CIRÚRGICOS E INVASIVOS
16,SEGMENTECTOMIA HEPÁTICA,,,,,HCO,HSO,REF,,,FÍGADO E VIAS BILIARES,SISTEMA DIGESTIVO E ANEXOS,PROCEDIMENTOS CIRÚRGICOS E INVASIVOS
17,SEQUESTRECTOMIA HEPÁTICA,,,,,HCO,HSO,REF,,,FÍGADO E VIAS BILIARES,SISTEMA DIGESTIVO E ANEXOS,PROCEDIMENTOS CIRÚRGICOS E INVASIVOS
18,TRATAMENTO CIRÚRGICO DE ESTENOSE CICATRICIAL DAS VIAS BILIARES,,,,,HCO,HSO,REF,,,FÍGADO E VIAS BILIARES,SISTEMA DIGESTIVO E ANEXOS,PROCEDIMENTOS CIRÚRGICOS E INVASIVOS
