,PROCEDIMENTO,RN (alteração),VIGÊNCIA,OD,AMB,HCO,HSO,REF,PAC,DUT,SUBGRUPO,GRUPO,CAPITULO
0,ABSCESSO ANORRETAL - DRENAGEM,,,,AMB,HCO,HSO,REF,,,ÂNUS,SISTEMA DIGESTIVO E ANEXOS,PROCEDIMENTOS CIRÚRGICOS E INVASIVOS
1,ABSCESSO ISQUIO-RETAL - DRENAGEM,,,,AMB,HCO,HSO,REF,,,ÂNUS,SISTEMA DIGESTIVO E ANEXOS,PROCEDIMENTOS CIRÚRGICOS E INVASIVOS
2,CERCLAGEM ANAL,,,,AMB,HCO,HSO,REF,,,ÂNUS,SISTEMA DIGESTIVO E ANEXOS,PROCEDIMENTOS CIRÚRGICOS E INVASIVOS
3,CORPO ESTRANHO DO RETO - RETIRADA,,,,AMB,HCO,HSO,REF,,,ÂNUS,SISTEMA DIGESTIVO E ANEXOS,PROCEDIMENTOS CIRÚRGICOS E INVASIVOS
4,CRIPTECTOMIA,,,,,HCO,HSO,REF,,,ÂNUS,SISTEMA DIGESTIVO E ANEXOS,PROCEDIMENTOS CIRÚRGICOS E INVASIVOS
5,DILATAÇÃO DO ÂNUS E/OU DO RETO,,,,AMB,HCO,HSO,REF,,,ÂNUS,SISTEMA DIGESTIVO E ANEXOS,PROCEDIMENTOS CIRÚRGICOS E INVASIVOS
6,ESFINCTEROPLASTIA ANAL,,,,,HCO,HSO,REF,,,ÂNUS,SISTEMA DIGESTIVO E ANEXOS,PROCEDIMENTOS CIRÚRGICOS E INVASIVOS
7,ESFINCTEROTOMIA,,,,,HCO,HSO,REF,,,ÂNUS,SISTEMA DIGESTIVO E ANEXOS,PROCEDIMENTOS CIRÚRGICOS E INVASIVOS
8,ESTENOSE ANAL - TRATAMENTO CIRÚRGICO,,,,,HCO,HSO,REF,,,ÂNUS,SISTEMA DIGESTIVO E ANEXOS,PROCEDIMENTOS CIRÚRGICOS E INVASIVOS
9,EXCISÃO DE PLICOMA,,,,,HCO,HSO,REF,,,ÂNUS,SISTEMA DIGESTIVO E ANEXOS,PROCEDIMENTOS CIRÚRGICOS E INVASIVOS
10,FISSURECTOMIA COM OU SEM ESFINCTEROTOMIA,,,,,HCO,HSO,REF,,,ÂNUS,SISTEMA DIGESTIVO E ANEXOS,PROCEDIMENTOS CIRÚRGICOS E INVASIVOS
11,FÍSTULA RETO-VAGINAL E FÍSTULA ANAL EM FERRADURA - TRATAMENTO CIRÚRGICO,,,,,HCO,HSO,REF,,,ÂNUS,SISTEMA DIGESTIVO E ANEXOS,PROCEDIMENTOS CIRÚRGICOS E INVASIVOS
12,FISTULECTOMIA ANAL,,,,,HCO,HSO,REF,,,ÂNUS,SISTEMA DIGESTIVO E ANEXOS,PROCEDIMENTOS CIRÚRGICOS E INVASIVOS
13,FISTULECTOMIA ANORRETAL COM ABAIXAMENTO MUCOSO,,,,,HCO,HSO,REF,,,ÂNUS,SISTEMA DIGESTIVO E ANEXOS,PROCEDIMENTOS CIRÚRGICOS E INVASIVOS
14,FISTULECTOMIA PERINEAL,,,,,HCO,HSO,REF,,,ÂNUS,SISTEMA DIGESTIVO E ANEXOS,PROCEDIMENTOS CIRÚRGICOS E INVASIVOS
15,HEMORRÓIDAS - LIGADURA ELÁSTICA,,,,AMB,HCO,HSO,REF,,,ÂNUS,SISTEMA DIGESTIVO E ANEXOS,PROCEDIMENTOS CIRÚRGICOS E INVASIVOS
16,HEMORRÓIDAS - TRATAMENTO ESCLEROSANTE,,,,AMB,HCO,HSO,REF,,,ÂNUS,SISTEMA DIGESTIVO E ANEXOS,PROCEDIMENTOS CIRÚRGICOS E INVASIVOS
17,"HEMORROIDECTOMIA ABERTA OU FECHADA, COM OU SEM ESFINCTEROTOMIA",,,,,HCO,HSO,REF,,,ÂNUS,SISTEMA DIGESTIVO E ANEXOS,PROCEDIMENTOS CIRÚRGICOS E INVASIVOS
18,LACERAÇÃO ANORRETAL - TRATAMENTO CIRÚRGICO,,,,,HCO,HSO,REF,,,ÂNUS,SISTEMA DIGESTIVO E ANEXOS,PROCEDIMENTOS CIRÚRGICOS E INVASIVOS
