,PROCEDIMENTO,RN (alteração),VIGÊNCIA,OD,AMB,HCO,HSO,REF,PAC,DUT,SUBGRUPO,GRUPO,CAPITULO
0,HERNIORRAFIA RECIDIVANTE POR VIDEOLAPAROSCOPIA,,,,,HCO,HSO,REF,,,"ABDOME, PAREDE E CAVIDADE",SISTEMA DIGESTIVO E ANEXOS,PROCEDIMENTOS CIRÚRGICOS E INVASIVOS
1,HERNIORRAFIA UMBILICAL,,,,,HCO,HSO,REF,,,"ABDOME, PAREDE E CAVIDADE",SISTEMA DIGESTIVO E ANEXOS,PROCEDIMENTOS CIRÚRGICOS E INVASIVOS
2,"LAPAROTOMIA EXPLORADORA PARA BIÓPSIA, DRENAGEM DE ABSCESSO OU LIBERAÇÃO DE BRIDAS EM VIGÊNCIA DE OCLUSÃO",,,,,HCO,HSO,REF,,,"ABDOME, PAREDE E CAVIDADE",SISTEMA DIGESTIVO E ANEXOS,PROCEDIMENTOS CIRÚRGICOS E INVASIVOS
3,NEUROBLASTOMA ABDOMINAL - EXÉRESE,,,,,HCO,HSO,REF,,,"ABDOME, PAREDE E CAVIDADE",SISTEMA DIGESTIVO E ANEXOS,PROCEDIMENTOS CIRÚRGICOS E INVASIVOS
4,ONFALOCELE/GASTROSQUISE - TRATAMENTO CIRÚRGICO,,,,,HCO,HSO,REF,,,"ABDOME, PAREDE E CAVIDADE",SISTEMA DIGESTIVO E ANEXOS,PROCEDIMENTOS CIRÚRGICOS E INVASIVOS
5,PARACENTESE ABDOMINAL,,,,AMB,HCO,HSO,REF,,,"ABDOME, PAREDE E CAVIDADE",SISTEMA DIGESTIVO E ANEXOS,PROCEDIMENTOS CIRÚRGICOS E INVASIVOS
6,PARACENTESE ABDOMINAL LAPAROSCÓPICA,,,,,HCO,HSO,REF,,,"ABDOME, PAREDE E CAVIDADE",SISTEMA DIGESTIVO E ANEXOS,PROCEDIMENTOS CIRÚRGICOS E INVASIVOS
7,RECONSTRUÇÃO DA PAREDE ABDOMINAL COM RETALHO MUSCULAR OU MIOCUTÂNEO,,,,,HCO,HSO,REF,,,"ABDOME, PAREDE E CAVIDADE",SISTEMA DIGESTIVO E ANEXOS,PROCEDIMENTOS CIRÚRGICOS E INVASIVOS
8,REPARAÇÃO DE OUTRAS HÉRNIAS (INCLUI HERNIORRAFIA MUSCULAR),,,,,HCO,HSO,REF,,,"ABDOME, PAREDE E CAVIDADE",SISTEMA DIGESTIVO E ANEXOS,PROCEDIMENTOS CIRÚRGICOS E INVASIVOS
9,RESSECÇÃO DE CISTO OU FÍSTULA DE ÚRACO,,,,,HCO,HSO,REF,,,"ABDOME, PAREDE E CAVIDADE",SISTEMA DIGESTIVO E ANEXOS,PROCEDIMENTOS CIRÚRGICOS E INVASIVOS
10,RESSECÇÃO DE CISTO OU FÍSTULA OU RESTOS DO DUCTO ONFALOMESENTÉRICO,,,,,HCO,HSO,REF,,,"ABDOME, PAREDE E CAVIDADE",SISTEMA DIGESTIVO E ANEXOS,PROCEDIMENTOS CIRÚRGICOS E INVASIVOS
11,RESSUTURA DA PAREDE ABDOMINAL (POR DEISCÊNCIA TOTAL OU EVISCERAÇÃO),,,,,HCO,HSO,REF,,,"ABDOME, PAREDE E CAVIDADE",SISTEMA DIGESTIVO E ANEXOS,PROCEDIMENTOS CIRÚRGICOS E INVASIVOS
12,TERATOMA SACRO-COCCÍGEO - EXÉRESE,,,,,HCO,HSO,REF,,,"ABDOME, PAREDE E CAVIDADE",SISTEMA DIGESTIVO E ANEXOS,PROCEDIMENTOS CIRÚRGICOS E INVASIVOS
13,"VIDEOLAPAROSCOPIA PARA DIAGNÓSTICO COM OU SEM BIÓPSIAS E PARA OS PROCEDIMENTOS DE DRENAGEM DE COLEÇÕES, LIBERAÇÃO DE BRIDAS/ADERÊNCIAS E/OU RAFIAS",,,,AMB,HCO,HSO,REF,,,"ABDOME, PAREDE E CAVIDADE",SISTEMA DIGESTIVO E ANEXOS,PROCEDIMENTOS CIRÚRGICOS E INVASIVOS
14,ABSCESSO RENAL OU PERI-RENAL - DRENAGEM PERCUTÂNEA,,,,,HCO,HSO,REF,,,"RIM, BACINETE E SUPRA-RENAL",SISTEMA URINÁRIO,PROCEDIMENTOS CIRÚRGICOS E INVASIVOS
15,ABSCESSO RENAL OU PERI-RENAL DRENAGEM CIRÚRGICA,,,,,HCO,HSO,REF,,,"RIM, BACINETE E SUPRA-RENAL",SISTEMA URINÁRIO,PROCEDIMENTOS CIRÚRGICOS E INVASIVOS
16,ADRENALECTOMIA,,,,,HCO,HSO,REF,,,"RIM, BACINETE E SUPRA-RENAL",SISTEMA URINÁRIO,PROCEDIMENTOS CIRÚRGICOS E INVASIVOS
17,ADRENALECTOMIA LAPAROSCÓPICA,,,,,HCO,HSO,REF,,,"RIM, BACINETE E SUPRA-RENAL",SISTEMA URINÁRIO,PROCEDIMENTOS CIRÚRGICOS E INVASIVOS
18,ANGIOPLASTIA RENAL,,,,,HCO,HSO,REF,,,"RIM, BACINETE E SUPRA-RENAL",SISTEMA URINÁRIO,PROCEDIMENTOS CIRÚRGICOS E INVASIVOS
