,PROCEDIMENTO,RN (alteração),VIGÊNCIA,OD,AMB,HCO,HSO,REF,PAC,DUT,SUBGRUPO,GRUPO,CAPITULO
0,"ANTICORPOS ANTI-INFLUENZA A, IGM - PESQUISA E/OU DOSAGEM",,,,AMB,HCO,HSO,REF,,,IMUNOLOGIA,PROCEDIMENTOS LABORATORIAIS,PROCEDIMENTOS DIAGNÓSTICOS E TERAPÊUTICOS
1,"ANTICORPOS ANTI-INFLUENZA B, IGG - PESQUISA E/OU DOSAGEM",,,,AMB,HCO,HSO,REF,,,IMUNOLOGIA,PROCEDIMENTOS LABORATORIAIS,PROCEDIMENTOS DIAGNÓSTICOS E TERAPÊUTICOS
2,"ANTICORPOS ANTI-INFLUENZA B, IGM - PESQUISA E/OU DOSAGEM",,,,AMB,HCO,HSO,REF,,,IMUNOLOGIA,PROCEDIMENTOS LABORATORIAIS,PROCEDIMENTOS DIAGNÓSTICOS E TERAPÊUTICOS
3,ANÁLISE DE MULTÍMEROS PARA PACIENTES COM DOENÇA DE VON WILLEBRAND,,,,AMB,HCO,HSO,REF,PAC,,IMUNOLOGIA,PROCEDIMENTOS LABORATORIAIS,PROCEDIMENTOS DIAGNÓSTICOS E TERAPÊUTICOS
4,ANTI-ACTINA,,,,AMB,HCO,HSO,REF,,,IMUNOLOGIA,PROCEDIMENTOS LABORATORIAIS,PROCEDIMENTOS DIAGNÓSTICOS E TERAPÊUTICOS
5,ANTICARDIOLIPINA - IGA / IGG / IGM,,,,AMB,HCO,HSO,REF,,,IMUNOLOGIA,PROCEDIMENTOS LABORATORIAIS,PROCEDIMENTOS DIAGNÓSTICOS E TERAPÊUTICOS
6,ANTICENTRÔMERO,,,,AMB,HCO,HSO,REF,,,IMUNOLOGIA,PROCEDIMENTOS LABORATORIAIS,PROCEDIMENTOS DIAGNÓSTICOS E TERAPÊUTICOS
7,ANTICOAGULANTE LÚPICO,,,,AMB,HCO,HSO,REF,,,IMUNOLOGIA,PROCEDIMENTOS LABORATORIAIS,PROCEDIMENTOS DIAGNÓSTICOS E TERAPÊUTICOS
8,ANTICORPOS ANTI PEPTÍDEO CÍCLICO CITRULINADO - IGG (ANTI CCP) - COM DIRETRIZ DE UTILIZAÇÃO,,,,AMB,HCO,HSO,REF,,4.0,IMUNOLOGIA,PROCEDIMENTOS LABORATORIAIS,PROCEDIMENTOS DIAGNÓSTICOS E TERAPÊUTICOS
9,ANTICORPOS ANTIDIFTERIA,,,,AMB,HCO,HSO,REF,,,IMUNOLOGIA,PROCEDIMENTOS LABORATORIAIS,PROCEDIMENTOS DIAGNÓSTICOS E TERAPÊUTICOS
10,ANTICORPO ANTI-RECEPTOR DE TSH (TRAB),,,,AMB,HCO,HSO,REF,,,IMUNOLOGIA,PROCEDIMENTOS LABORATORIAIS,PROCEDIMENTOS DIAGNÓSTICOS E TERAPÊUTICOS
11,ANTICORPO ANTIVÍRUS DA HEPATITE E (TOTAL),,,,AMB,HCO,HSO,REF,,,IMUNOLOGIA,PROCEDIMENTOS LABORATORIAIS,PROCEDIMENTOS DIAGNÓSTICOS E TERAPÊUTICOS
12,"ANTICORPOS ANTIENDOMÍSIO, IGA",,,,AMB,HCO,HSO,REF,,,IMUNOLOGIA,PROCEDIMENTOS LABORATORIAIS,PROCEDIMENTOS DIAGNÓSTICOS E TERAPÊUTICOS
13,ANTICORPOS ANTI-ILHOTA DE LANGERHANS,,,,AMB,HCO,HSO,REF,,,IMUNOLOGIA,PROCEDIMENTOS LABORATORIAIS,PROCEDIMENTOS DIAGNÓSTICOS E TERAPÊUTICOS
14,ANTICORPOS ANTIINSULINA,,,,AMB,HCO,HSO,REF,,,IMUNOLOGIA,PROCEDIMENTOS LABORATORIAIS,PROCEDIMENTOS DIAGNÓSTICOS E TERAPÊUTICOS
15,ANTICORPOS ANTIPNEUMOCOCO,,,,AMB,HCO,HSO,REF,,,IMUNOLOGIA,PROCEDIMENTOS LABORATORIAIS,PROCEDIMENTOS DIAGNÓSTICOS E TERAPÊUTICOS
16,ANTICORPOS ANTITÉTANO,,,,AMB,HCO,HSO,REF,,,IMUNOLOGIA,PROCEDIMENTOS LABORATORIAIS,PROCEDIMENTOS DIAGNÓSTICOS E TERAPÊUTICOS
17,ANTICORPOS ANTITIREÓIDE (TIREOGLOBULINA),,,,AMB,HCO,HSO,REF,,,IMUNOLOGIA,PROCEDIMENTOS LABORATORIAIS,PROCEDIMENTOS DIAGNÓSTICOS E TERAPÊUTICOS
18,ANTICORPOS ANTITRANSGLUTAMINASE - IGA,,,,AMB,HCO,HSO,REF,,,IMUNOLOGIA,PROCEDIMENTOS LABORATORIAIS,PROCEDIMENTOS DIAGNÓSTICOS E TERAPÊUTICOS
