,PROCEDIMENTO,RN (alteração),VIGÊNCIA,OD,AMB,HCO,HSO,REF,PAC,DUT,SUBGRUPO,GRUPO,CAPITULO
0,ANTICORTEX SUPRA-RENAL,,,,AMB,HCO,HSO,REF,,,IMUNOLOGIA,PROCEDIMENTOS LABORATORIAIS,PROCEDIMENTOS DIAGNÓSTICOS E TERAPÊUTICOS
1,ANTI-DNA,,,,AMB,HCO,HSO,REF,,,IMUNOLOGIA,PROCEDIMENTOS LABORATORIAIS,PROCEDIMENTOS DIAGNÓSTICOS E TERAPÊUTICOS
2,ANTIESCLERODERMA (SCL 70),,,,AMB,HCO,HSO,REF,,,IMUNOLOGIA,PROCEDIMENTOS LABORATORIAIS,PROCEDIMENTOS DIAGNÓSTICOS E TERAPÊUTICOS
3,ANTIESTREPTOLISINA O (ASLO),,,,AMB,HCO,HSO,REF,,,IMUNOLOGIA,PROCEDIMENTOS LABORATORIAIS,PROCEDIMENTOS DIAGNÓSTICOS E TERAPÊUTICOS
4,ANTI-GAD,,,,AMB,HCO,HSO,REF,,,IMUNOLOGIA,PROCEDIMENTOS LABORATORIAIS,PROCEDIMENTOS DIAGNÓSTICOS E TERAPÊUTICOS
5,ANTÍGENO AUSTRÁLIA (HBsAG),,,,AMB,HCO,HSO,REF,,,IMUNOLOGIA,PROCEDIMENTOS LABORATORIAIS,PROCEDIMENTOS DIAGNÓSTICOS E TERAPÊUTICOS
6,ANTÍGENO CARCINOEMBRIOGÊNICO (CEA),,,,AMB,HCO,HSO,REF,,,IMUNOLOGIA,PROCEDIMENTOS LABORATORIAIS,PROCEDIMENTOS DIAGNÓSTICOS E TERAPÊUTICOS
7,ANTÍGENOS DE ASPERGILLUS GALACTOMANNAN,,,,AMB,HCO,HSO,REF,,,IMUNOLOGIA,PROCEDIMENTOS LABORATORIAIS,PROCEDIMENTOS DIAGNÓSTICOS E TERAPÊUTICOS
8,ANTÍGENO ESPECÍFICO PROSTÁTICO LIVRE (PSA LIVRE),,,,AMB,HCO,HSO,REF,,,IMUNOLOGIA,PROCEDIMENTOS LABORATORIAIS,PROCEDIMENTOS DIAGNÓSTICOS E TERAPÊUTICOS
9,ANTÍGENO ESPECÍFICO PROSTÁTICO TOTAL (PSA),,,,AMB,HCO,HSO,REF,,,IMUNOLOGIA,PROCEDIMENTOS LABORATORIAIS,PROCEDIMENTOS DIAGNÓSTICOS E TERAPÊUTICOS
10,"ANTÍGENO NS1 DO VÍRUS DA DENGUE, PESQUISA",,,,AMB,HCO,HSO,REF,,,IMUNOLOGIA,PROCEDIMENTOS LABORATORIAIS,PROCEDIMENTOS DIAGNÓSTICOS E TERAPÊUTICOS
11,ANTIGLIADINA (GLÚTEN) - IGA / IGG,,,,AMB,HCO,HSO,REF,,,IMUNOLOGIA,PROCEDIMENTOS LABORATORIAIS,PROCEDIMENTOS DIAGNÓSTICOS E TERAPÊUTICOS
12,ANTI-JO1,,,,AMB,HCO,HSO,REF,,,IMUNOLOGIA,PROCEDIMENTOS LABORATORIAIS,PROCEDIMENTOS DIAGNÓSTICOS E TERAPÊUTICOS
13,ANTI-LA/SSB,,,,AMB,HCO,HSO,REF,,,IMUNOLOGIA,PROCEDIMENTOS LABORATORIAIS,PROCEDIMENTOS DIAGNÓSTICOS E TERAPÊUTICOS
14,ANTI-LKM-1,,,,AMB,HCO,HSO,REF,,,IMUNOLOGIA,PROCEDIMENTOS LABORATORIAIS,PROCEDIMENTOS DIAGNÓSTICOS E TERAPÊUTICOS
15,ANTIMEMBRANA BASAL,,,,AMB,HCO,HSO,REF,,,IMUNOLOGIA,PROCEDIMENTOS LABORATORIAIS,PROCEDIMENTOS DIAGNÓSTICOS E TERAPÊUTICOS
16,ANTIMICROSSOMAL,,,,AMB,HCO,HSO,REF,,,IMUNOLOGIA,PROCEDIMENTOS LABORATORIAIS,PROCEDIMENTOS DIAGNÓSTICOS E TERAPÊUTICOS
17,ANTIMITOCONDRIA,,,,AMB,HCO,HSO,REF,,,IMUNOLOGIA,PROCEDIMENTOS LABORATORIAIS,PROCEDIMENTOS DIAGNÓSTICOS E TERAPÊUTICOS
18,"ANTIMITOCONDRIA, M2",,,,AMB,HCO,HSO,REF,,,IMUNOLOGIA,PROCEDIMENTOS LABORATORIAIS,PROCEDIMENTOS DIAGNÓSTICOS E TERAPÊUTICOS
