,PROCEDIMENTO,RN (alteração),VIGÊNCIA,OD,AMB,HCO,HSO,REF,PAC,DUT,SUBGRUPO,GRUPO,CAPITULO
0,TERAPIA COM ALFACERLIPONASE PARA LIPOFUSCINOSE CEROIDE NEURONAL TIPO 2 (CLN2) (COM DIRETRIZ DE UTILIZAÇÃO),538/2022,22/10/2022,,,HCO,HSO,REF,PAC,153.0,TERAPÊUTICA,PROCEDIMENTOS CLÍNICOS AMBULATORIAIS E HOSPITALARES,PROCEDIMENTOS CLÍNICOS AMBULATORIAIS E HOSPITALARES
1,"TERAPIA IMUNOBIOLÓGICA ENDOVENOSA, INTRAMUSCULAR OU SUBCUTÂNEA (COM DIRETRIZ DE UTILIZAÇÃO)",,,,AMB,HCO,HSO,REF,PAC,65.0,TERAPÊUTICA,PROCEDIMENTOS CLÍNICOS AMBULATORIAIS E HOSPITALARES,PROCEDIMENTOS CLÍNICOS AMBULATORIAIS E HOSPITALARES
2,TERAPIA IMUNOPROFILÁTICA COM PALIVIZUMABE PARA O VÍRUS SINCICIAL RESPIRATÓRIO - VSR (COM DIRETRIZ DE UTILIZAÇÃO),,,,AMB,HCO,HSO,REF,,124.0,TERAPÊUTICA,PROCEDIMENTOS CLÍNICOS AMBULATORIAIS E HOSPITALARES,PROCEDIMENTOS CLÍNICOS AMBULATORIAIS E HOSPITALARES
3,TERAPIA INALATÓRIA (NEBULIZAÇÃO),,,,AMB,HCO,HSO,REF,,,TERAPÊUTICA,PROCEDIMENTOS CLÍNICOS AMBULATORIAIS E HOSPITALARES,PROCEDIMENTOS CLÍNICOS AMBULATORIAIS E HOSPITALARES
4,TERAPIA INTRAVENOSA COM ÁCIDO ZOLEDRÔNICO PARA DOENÇA DE PAGET,,,,AMB,HCO,HSO,REF,PAC,,TERAPÊUTICA,PROCEDIMENTOS CLÍNICOS AMBULATORIAIS E HOSPITALARES,PROCEDIMENTOS CLÍNICOS AMBULATORIAIS E HOSPITALARES
5,TERAPIA MEDICAMENTOSA INJETÁVEL AMBULATORIAL (COM DIRETRIZ DE UTILIZAÇÃO),546/2022,03/10/2022,,AMB,HCO,HSO,REF,,158.0,TERAPÊUTICA,PROCEDIMENTOS CLÍNICOS AMBULATORIAIS E HOSPITALARES,PROCEDIMENTOS CLÍNICOS AMBULATORIAIS E HOSPITALARES
6,TERAPIA ONCOLÓGICA - PLANEJAMENTO,,,,AMB,HCO,HSO,REF,PAC,,TERAPÊUTICA,PROCEDIMENTOS CLÍNICOS AMBULATORIAIS E HOSPITALARES,PROCEDIMENTOS CLÍNICOS AMBULATORIAIS E HOSPITALARES
7,TERAPIA ONCOLÓGICA COM APLICAÇÃO DE MEDICAMENTOS POR VIA INTRACAVITÁRIA OU INTRATECAL,,,,,HCO,HSO,REF,PAC,,TERAPÊUTICA,PROCEDIMENTOS CLÍNICOS AMBULATORIAIS E HOSPITALARES,PROCEDIMENTOS CLÍNICOS AMBULATORIAIS E HOSPITALARES
8,TERAPIA ONCOLÓGICA COM APLICAÇÃO INTRA-ARTERIAL OU INTRAVENOSA DE MEDICAMENTOS,,,,AMB,HCO,HSO,REF,PAC,,TERAPÊUTICA,PROCEDIMENTOS CLÍNICOS AMBULATORIAIS E HOSPITALARES,PROCEDIMENTOS CLÍNICOS AMBULATORIAIS E HOSPITALARES
9,TERAPIA ONCOLÓGICA MEDICAMENTOSA PEROPERATÓRIA,,,,,HCO,HSO,REF,PAC,,TERAPÊUTICA,PROCEDIMENTOS CLÍNICOS AMBULATORIAIS E HOSPITALARES,PROCEDIMENTOS CLÍNICOS AMBULATORIAIS E HOSPITALARES
10,TERAPIA POR PRESSÃO NEGATIVA (COM DIRETRIZ DE UTILIZAÇÃO),,,,AMB,HCO,HSO,REF,,148.0,TERAPÊUTICA,PROCEDIMENTOS CLÍNICOS AMBULATORIAIS E HOSPITALARES,PROCEDIMENTOS CLÍNICOS AMBULATORIAIS E HOSPITALARES
11,APÊNDICE PRÉ-AURICULAR - RESSECÇÃO,,,,AMB,HCO,HSO,REF,,,PROCEDIMENTOS,"PELE E TECIDO CELULAR SUBCUTÂNEO, MUCOSAS E ANEXOS",PROCEDIMENTOS CIRÚRGICOS E INVASIVOS
12,APLICAÇÃO DE CONTRACEPTIVO HORMONAL INJETÁVEL (COM DIRETRIZ DE UTILIZAÇÃO),538/2022,22/10/2022,,AMB,,,REF,,154.0,PROCEDIMENTOS,PROCEDIMENTOS CLÍNICOS AMBULATORIAIS E HOSPITALARES,PROCEDIMENTOS CLÍNICOS AMBULATORIAIS E HOSPITALARES
13,AUTONOMIZAÇÃO DE RETALHO,,,,,HCO,HSO,REF,,,PROCEDIMENTOS,"PELE E TECIDO CELULAR SUBCUTÂNEO, MUCOSAS E ANEXOS",PROCEDIMENTOS CIRÚRGICOS E INVASIVOS
14,BIÓPSIA DE FACE,,,,AMB,HCO,HSO,REF,,,PROCEDIMENTOS,"PELE E TECIDO CELULAR SUBCUTÂNEO, MUCOSAS E ANEXOS",PROCEDIMENTOS CIRÚRGICOS E INVASIVOS
15,"BIÓPSIA DE PELE, TUMORES SUPERFICIAIS, TECIDO CELULAR SUBCUTÂNEO, LINFONODO SUPERFICIAL, UNHA, ETC",,,,AMB,HCO,HSO,REF,,,PROCEDIMENTOS,"PELE E TECIDO CELULAR SUBCUTÂNEO, MUCOSAS E ANEXOS",PROCEDIMENTOS CIRÚRGICOS E INVASIVOS
16,CALOSIDADE E/OU MAL PERFURANTE - DESBASTAMENTO,,,,AMB,HCO,HSO,REF,,,PROCEDIMENTOS,"PELE E TECIDO CELULAR SUBCUTÂNEO, MUCOSAS E ANEXOS",PROCEDIMENTOS CIRÚRGICOS E INVASIVOS
17,CANTOPLASTIA UNGUEAL,,,,AMB,HCO,HSO,REF,,,PROCEDIMENTOS,"PELE E TECIDO CELULAR SUBCUTÂNEO, MUCOSAS E ANEXOS",PROCEDIMENTOS CIRÚRGICOS E INVASIVOS
18,CAUTERIZAÇÃO QUÍMICA,,,,AMB,HCO,HSO,REF,,,PROCEDIMENTOS,"PELE E TECIDO CELULAR SUBCUTÂNEO, MUCOSAS E ANEXOS",PROCEDIMENTOS CIRÚRGICOS E INVASIVOS
