,PROCEDIMENTO,RN (alteração),VIGÊNCIA,OD,AMB,HCO,HSO,REF,PAC,DUT,SUBGRUPO,GRUPO,CAPITULO
0,LESÃO ANAL - ELETROCAUTERIZAÇÃO,,,,AMB,HCO,HSO,REF,,,ÂNUS,SISTEMA DIGESTIVO E ANEXOS,PROCEDIMENTOS CIRÚRGICOS E INVASIVOS
1,PAPILECTOMIA,,,,,HCO,HSO,REF,,,ÂNUS,SISTEMA DIGESTIVO E ANEXOS,PROCEDIMENTOS CIRÚRGICOS E INVASIVOS
2,PÓLIPO RETAL - RESSECÇÃO,,,,,HCO,HSO,REF,,,ÂNUS,SISTEMA DIGESTIVO E ANEXOS,PROCEDIMENTOS CIRÚRGICOS E INVASIVOS
3,PROLAPSO RETAL - ESCLEROSE,,,,AMB,HCO,HSO,REF,,,ÂNUS,SISTEMA DIGESTIVO E ANEXOS,PROCEDIMENTOS CIRÚRGICOS E INVASIVOS
4,PROLAPSO RETAL - TRATAMENTO CIRÚRGICO,,,,,HCO,HSO,REF,,,ÂNUS,SISTEMA DIGESTIVO E ANEXOS,PROCEDIMENTOS CIRÚRGICOS E INVASIVOS
5,PRURIDO ANAL - TRATAMENTO CIRÚRGICO,,,,,HCO,HSO,REF,,,ÂNUS,SISTEMA DIGESTIVO E ANEXOS,PROCEDIMENTOS CIRÚRGICOS E INVASIVOS
6,RECONSTITUIÇÃO DE ESFINCTER ANAL POR PLÁSTICA MUSCULAR,,,,,HCO,HSO,REF,,,ÂNUS,SISTEMA DIGESTIVO E ANEXOS,PROCEDIMENTOS CIRÚRGICOS E INVASIVOS
7,RECONSTRUÇÃO TOTAL ANOPERINEAL,,,,,HCO,HSO,REF,,,ÂNUS,SISTEMA DIGESTIVO E ANEXOS,PROCEDIMENTOS CIRÚRGICOS E INVASIVOS
8,TRATAMENTO CIRÚRGICO DE RETOCELE,,,,,HCO,HSO,REF,,,ÂNUS,SISTEMA DIGESTIVO E ANEXOS,PROCEDIMENTOS CIRÚRGICOS E INVASIVOS
9,TROMBOSE HEMORROIDÁRIA - EXÉRESE,,,,AMB,HCO,HSO,REF,,,ÂNUS,SISTEMA DIGESTIVO E ANEXOS,PROCEDIMENTOS CIRÚRGICOS E INVASIVOS
10,ABSCESSO HEPÁTICO - DRENAGEM CIRÚRGICA,,,,,HCO,HSO,REF,,,FÍGADO E VIAS BILIARES,SISTEMA DIGESTIVO E ANEXOS,PROCEDIMENTOS CIRÚRGICOS E INVASIVOS
11,ABSCESSO HEPÁTICO - DRENAGEM CIRÚRGICA POR VIDEOLAPAROSCOPIA,,,,,HCO,HSO,REF,,,FÍGADO E VIAS BILIARES,SISTEMA DIGESTIVO E ANEXOS,PROCEDIMENTOS CIRÚRGICOS E INVASIVOS
12,ANASTOMOSE BILIODIGESTIVA INTRA-HEPÁTICA,,,,,HCO,HSO,REF,,,FÍGADO E VIAS BILIARES,SISTEMA DIGESTIVO E ANEXOS,PROCEDIMENTOS CIRÚRGICOS E INVASIVOS
13,ATRESIA DE VIAS BILIARES - TRATAMENTO CIRÚRGICO,,,,,HCO,HSO,REF,,,FÍGADO E VIAS BILIARES,SISTEMA DIGESTIVO E ANEXOS,PROCEDIMENTOS CIRÚRGICOS E INVASIVOS
14,BIÓPSIA HEPÁTICA POR LAPAROTOMIA,,,,,HCO,HSO,REF,,,FÍGADO E VIAS BILIARES,SISTEMA DIGESTIVO E ANEXOS,PROCEDIMENTOS CIRÚRGICOS E INVASIVOS
15,BIÓPSIA HEPÁTICA POR VIDEOLAPAROSCOPIA,,,,AMB,HCO,HSO,REF,,,FÍGADO E VIAS BILIARES,SISTEMA DIGESTIVO E ANEXOS,PROCEDIMENTOS CIRÚRGICOS E INVASIVOS
16,BIÓPSIA HEPÁTICA TRANSPARIETAL,,,,AMB,HCO,HSO,REF,,,FÍGADO E VIAS BILIARES,SISTEMA DIGESTIVO E ANEXOS,PROCEDIMENTOS CIRÚRGICOS E INVASIVOS
17,COLECISTECTOMIA COM FÍSTULA BILIODIGESTIVA,,,,,HCO,HSO,REF,,,FÍGADO E VIAS BILIARES,SISTEMA DIGESTIVO E ANEXOS,PROCEDIMENTOS CIRÚRGICOS E INVASIVOS
18,COLECISTECTOMIA COM FÍSTULA BILIODIGESTIVA POR VIDEOLAPAROSCOPIA,,,,,HCO,HSO,REF,,,FÍGADO E VIAS BILIARES,SISTEMA DIGESTIVO E ANEXOS,PROCEDIMENTOS CIRÚRGICOS E INVASIVOS
