,PROCEDIMENTO,RN (alteração),VIGÊNCIA,OD,AMB,HCO,HSO,REF,PAC,DUT,SUBGRUPO,GRUPO,CAPITULO
0,CIRURGIA DA HIDROSADENITE,,,,,HCO,HSO,REF,,,PROCEDIMENTOS,"PELE E TECIDO CELULAR SUBCUTÂNEO, MUCOSAS E ANEXOS",PROCEDIMENTOS CIRÚRGICOS E INVASIVOS
1,CORREÇÃO CIRÚRGICA DE SEQUELAS DE ALOPECIA TRAUMÁTICA COM MICROENXERTOS PILOSOS,,,,,HCO,HSO,REF,,,PROCEDIMENTOS,"PELE E TECIDO CELULAR SUBCUTÂNEO, MUCOSAS E ANEXOS",PROCEDIMENTOS CIRÚRGICOS E INVASIVOS
2,"CORREÇÃO DE DEFORMIDADES POR EXÉRESE DE TUMORES OU SEQÜELAS DE TRAUMATISMOS COM O EMPREGO DE EXPANSORES EM RETALHOS CUTÂNEOS, MUSCULARES E/OU MIOCUTÂNEOS",,,,,HCO,HSO,REF,,,PROCEDIMENTOS,"PELE E TECIDO CELULAR SUBCUTÂNEO, MUCOSAS E ANEXOS",PROCEDIMENTOS CIRÚRGICOS E INVASIVOS
3,CRIOCIRURGIA (NITROGÊNIO LÍQUIDO) DE NEOPLASIAS CUTÂNEAS,,,,AMB,HCO,HSO,REF,,,PROCEDIMENTOS,"PELE E TECIDO CELULAR SUBCUTÂNEO, MUCOSAS E ANEXOS",PROCEDIMENTOS CIRÚRGICOS E INVASIVOS
4,CURATIVO DE QUEIMADURAS,,,,AMB,HCO,HSO,REF,,,PROCEDIMENTOS,"PELE E TECIDO CELULAR SUBCUTÂNEO, MUCOSAS E ANEXOS",PROCEDIMENTOS CIRÚRGICOS E INVASIVOS
5,CURATIVO ESPECIAL SOB ANESTESIA,,,,,HCO,HSO,REF,,,PROCEDIMENTOS,"PELE E TECIDO CELULAR SUBCUTÂNEO, MUCOSAS E ANEXOS",PROCEDIMENTOS CIRÚRGICOS E INVASIVOS
6,"CURETAGEM, ELETROCOAGULAÇÃO E/OU DERMOABRASÃO DE LESÕES DE PELE E MUCOSAS",,,,AMB,HCO,HSO,REF,,,PROCEDIMENTOS,"PELE E TECIDO CELULAR SUBCUTÂNEO, MUCOSAS E ANEXOS",PROCEDIMENTOS CIRÚRGICOS E INVASIVOS
7,ABDOMINOPLASTIA (COM DIRETRIZ DE UTILIZAÇÃO),,,,,HCO,HSO,REF,,18.0,PROCEDIMENTOS,"PELE E TECIDO CELULAR SUBCUTÂNEO, MUCOSAS E ANEXOS",PROCEDIMENTOS CIRÚRGICOS E INVASIVOS
8,DESBRIDAMENTO CIRÚRGICO,,,,AMB,HCO,HSO,REF,,,PROCEDIMENTOS,"PELE E TECIDO CELULAR SUBCUTÂNEO, MUCOSAS E ANEXOS",PROCEDIMENTOS CIRÚRGICOS E INVASIVOS
9,DESBRIDAMENTO DE FERIMENTOS INFECTADOS E MORDIDAS DE ANIMAIS,,,,AMB,HCO,HSO,REF,,,PROCEDIMENTOS,"PELE E TECIDO CELULAR SUBCUTÂNEO, MUCOSAS E ANEXOS",PROCEDIMENTOS CIRÚRGICOS E INVASIVOS
10,"ENXERTO DE CARTILAGEM, MUCOSA E/OU COMPOSTO",,,,,HCO,HSO,REF,,,PROCEDIMENTOS,"PELE E TECIDO CELULAR SUBCUTÂNEO, MUCOSAS E ANEXOS",PROCEDIMENTOS CIRÚRGICOS E INVASIVOS
11,ENXERTO DE PELE MÚLTIPLO,,,,,HCO,HSO,REF,,,PROCEDIMENTOS,"PELE E TECIDO CELULAR SUBCUTÂNEO, MUCOSAS E ANEXOS",PROCEDIMENTOS CIRÚRGICOS E INVASIVOS
12,ENXERTO OU HOMOENXERTO DE PELE,,,,,HCO,HSO,REF,,,PROCEDIMENTOS,"PELE E TECIDO CELULAR SUBCUTÂNEO, MUCOSAS E ANEXOS",PROCEDIMENTOS CIRÚRGICOS E INVASIVOS
13,ESCALPO - TRATAMENTO CIRÚRGICO,,,,,HCO,HSO,REF,,,PROCEDIMENTOS,"PELE E TECIDO CELULAR SUBCUTÂNEO, MUCOSAS E ANEXOS",PROCEDIMENTOS CIRÚRGICOS E INVASIVOS
14,ESCAROTOMIA DESCOMPRESSIVA,,,,AMB,HCO,HSO,REF,,,PROCEDIMENTOS,"PELE E TECIDO CELULAR SUBCUTÂNEO, MUCOSAS E ANEXOS",PROCEDIMENTOS CIRÚRGICOS E INVASIVOS
15,EXÉRESE DE HIGROMA CÍSTICO,,,,,HCO,HSO,REF,,,PROCEDIMENTOS,"PELE E TECIDO CELULAR SUBCUTÂNEO, MUCOSAS E ANEXOS",PROCEDIMENTOS CIRÚRGICOS E INVASIVOS
16,EXÉRESE DE LESÃO COM AUTO-ENXERTIA,,,,AMB,HCO,HSO,REF,,,PROCEDIMENTOS,"PELE E TECIDO CELULAR SUBCUTÂNEO, MUCOSAS E ANEXOS",PROCEDIMENTOS CIRÚRGICOS E INVASIVOS
17,EXÉRESE DE LESÃO DE PELE E MUCOSAS,,,,AMB,HCO,HSO,REF,,,PROCEDIMENTOS,"PELE E TECIDO CELULAR SUBCUTÂNEO, MUCOSAS E ANEXOS",PROCEDIMENTOS CIRÚRGICOS E INVASIVOS
18,EXÉRESE DE TUMOR DE PARTES MOLES,,,,AMB,HCO,HSO,REF,,,PROCEDIMENTOS,"PELE E TECIDO CELULAR SUBCUTÂNEO, MUCOSAS E ANEXOS",PROCEDIMENTOS CIRÚRGICOS E INVASIVOS
