,PROCEDIMENTO,RN (alteração),VIGÊNCIA,OD,AMB,HCO,HSO,REF,PAC,DUT,SUBGRUPO,GRUPO,CAPITULO
0,ENXERTO GENGIVAL LIVRE,,,OD,,,,,,,BOCA,CABEÇA E PESCOÇO,PROCEDIMENTOS CIRÚRGICOS E INVASIVOS
1,ENXERTO PEDICULADO,,,OD,,,,,,,BOCA,CABEÇA E PESCOÇO,PROCEDIMENTOS CIRÚRGICOS E INVASIVOS
2,EXODONTIA A RETALHO,,,OD,,,,,,,BOCA,CABEÇA E PESCOÇO,PROCEDIMENTOS CIRÚRGICOS E INVASIVOS
3,EXODONTIA DE RAIZ RESIDUAL,,,OD,,,,,,,BOCA,CABEÇA E PESCOÇO,PROCEDIMENTOS CIRÚRGICOS E INVASIVOS
4,EXODONTIA SIMPLES DE DECÍDUO,,,OD,,,,,,,BOCA,CABEÇA E PESCOÇO,PROCEDIMENTOS CIRÚRGICOS E INVASIVOS
5,EXODONTIA DE PERMANENTE POR INDICAÇÃO ORTODÔNTICA/PROTÉTICA,,,OD,,,,,,,BOCA,CABEÇA E PESCOÇO,PROCEDIMENTOS CIRÚRGICOS E INVASIVOS
6,EXODONTIA SIMPLES DE PERMANENTE,,,OD,,,,,,,BOCA,CABEÇA E PESCOÇO,PROCEDIMENTOS CIRÚRGICOS E INVASIVOS
7,FACETA DIRETA EM RESINA FOTOPOLIMERIZÁVEL,,,OD,,,,,,,BOCA,CABEÇA E PESCOÇO,PROCEDIMENTOS CIRÚRGICOS E INVASIVOS
8,GENGIVECTOMIA,,,OD,,,,,,,BOCA,CABEÇA E PESCOÇO,PROCEDIMENTOS CIRÚRGICOS E INVASIVOS
9,GENGIVOPLASTIA,,,OD,,,,,,,BOCA,CABEÇA E PESCOÇO,PROCEDIMENTOS CIRÚRGICOS E INVASIVOS
10,"GLOSSECTOMIA SUBTOTAL OU TOTAL, COM OU SEM MANDIBULECTOMIA",,,,,HCO,HSO,REF,,,BOCA,CABEÇA E PESCOÇO,PROCEDIMENTOS CIRÚRGICOS E INVASIVOS
11,IMOBILIZAÇÃO DENTÁRIA EM DENTES DECÍDUOS,,,OD,,,,,,,BOCA,CABEÇA E PESCOÇO,PROCEDIMENTOS CIRÚRGICOS E INVASIVOS
12,IMOBILIZAÇÃO DENTÁRIA EM DENTES PERMANENTES,,,OD,,,,,,,BOCA,CABEÇA E PESCOÇO,PROCEDIMENTOS CIRÚRGICOS E INVASIVOS
13,NÚCLEO DE PREENCHIMENTO,,,OD,,,,,,,BOCA,CABEÇA E PESCOÇO,PROCEDIMENTOS CIRÚRGICOS E INVASIVOS
14,ODONTO-SECÇÃO,,,OD,,,,,,,BOCA,CABEÇA E PESCOÇO,PROCEDIMENTOS CIRÚRGICOS E INVASIVOS
15,OPERAÇÃO COMPOSTA COM ESVAZIAMENTO CERVICAL E RECONSTRUÇÃO À CUSTA DE RETALHOS OSTEOMIOCUTÂNEOS,,,,,HCO,HSO,REF,,,BOCA,CABEÇA E PESCOÇO,PROCEDIMENTOS CIRÚRGICOS E INVASIVOS
16,PALATOPLASTIA COM RETALHO OU ENXERTO,,,,,HCO,HSO,REF,,,BOCA,CABEÇA E PESCOÇO,PROCEDIMENTOS CIRÚRGICOS E INVASIVOS
17,PALATOPLASTIA PARCIAL OU TOTAL,,,,,HCO,HSO,REF,,,BOCA,CABEÇA E PESCOÇO,PROCEDIMENTOS CIRÚRGICOS E INVASIVOS
18,PALATO-QUEILOPLASTIA,,,,,HCO,HSO,REF,,,BOCA,CABEÇA E PESCOÇO,PROCEDIMENTOS CIRÚRGICOS E INVASIVOS
