,PROCEDIMENTO,RN (alteração),VIGÊNCIA,OD,AMB,HCO,HSO,REF,PAC,DUT,SUBGRUPO,GRUPO,CAPITULO
0,FRATURAS E/OU LUXAÇÕES AO NÍVEL DO JOELHO - TRATAMENTO CIRÚRGICO,,,,,HCO,HSO,REF,,,MEMBROS INFERIORES,SISTEMA MÚSCULO-ESQUELÉTICO E ARTICULAÇÕES,PROCEDIMENTOS CIRÚRGICOS E INVASIVOS
1,FRATURAS E/OU LUXAÇÕES AO NÍVEL DO TORNOZELO - REDUÇÃO INCRUENTA,,,,AMB,HCO,HSO,REF,,,MEMBROS INFERIORES,SISTEMA MÚSCULO-ESQUELÉTICO E ARTICULAÇÕES,PROCEDIMENTOS CIRÚRGICOS E INVASIVOS
2,FRATURAS E/OU LUXAÇÕES AO NÍVEL DO TORNOZELO - TRATAMENTO CIRÚRGICO,,,,,HCO,HSO,REF,,,MEMBROS INFERIORES,SISTEMA MÚSCULO-ESQUELÉTICO E ARTICULAÇÕES,PROCEDIMENTOS CIRÚRGICOS E INVASIVOS
3,FRATURAS E/OU LUXAÇÕES DO ANTEPÉ - REDUÇÃO INCRUENTA,,,,AMB,HCO,HSO,REF,,,MEMBROS INFERIORES,SISTEMA MÚSCULO-ESQUELÉTICO E ARTICULAÇÕES,PROCEDIMENTOS CIRÚRGICOS E INVASIVOS
4,FRATURAS E/OU LUXAÇÕES DO ANTEPÉ - TRATAMENTO CIRÚRGICO,,,,,HCO,HSO,REF,,,MEMBROS INFERIORES,SISTEMA MÚSCULO-ESQUELÉTICO E ARTICULAÇÕES,PROCEDIMENTOS CIRÚRGICOS E INVASIVOS
5,"FRATURAS, PSEUDARTROSES, CORREÇÃO DE DEFORMIDADES E ALONGAMENTOS COM FIXADOR EXTERNO DINÂMICO - TRATAMENTO CIRÚRGICO",,,,,HCO,HSO,REF,,,MEMBROS INFERIORES,SISTEMA MÚSCULO-ESQUELÉTICO E ARTICULAÇÕES,PROCEDIMENTOS CIRÚRGICOS E INVASIVOS
6,LESÕES LIGAMENTARES AGUDAS - REDUÇÃO INCRUENTA,,,,AMB,HCO,HSO,REF,,,MEMBROS INFERIORES,SISTEMA MÚSCULO-ESQUELÉTICO E ARTICULAÇÕES,PROCEDIMENTOS CIRÚRGICOS E INVASIVOS
7,LESÕES LIGAMENTARES AGUDAS - TRATAMENTO CIRÚRGICO,,,,,HCO,HSO,REF,,,MEMBROS INFERIORES,SISTEMA MÚSCULO-ESQUELÉTICO E ARTICULAÇÕES,PROCEDIMENTOS CIRÚRGICOS E INVASIVOS
8,LESÕES LIGAMENTARES AGUDAS AO NÍVEL DO TORNOZELO - REDUÇÃO INCRUENTA,,,,AMB,HCO,HSO,REF,,,MEMBROS INFERIORES,SISTEMA MÚSCULO-ESQUELÉTICO E ARTICULAÇÕES,PROCEDIMENTOS CIRÚRGICOS E INVASIVOS
9,LESÕES LIGAMENTARES AGUDAS AO NÍVEL DO TORNOZELO - TRATAMENTO CIRÚRGICO,,,,,HCO,HSO,REF,,,MEMBROS INFERIORES,SISTEMA MÚSCULO-ESQUELÉTICO E ARTICULAÇÕES,PROCEDIMENTOS CIRÚRGICOS E INVASIVOS
10,LESÕES LIGAMENTARES CRÔNICAS AO NÍVEL DO TORNOZELO - TRATAMENTO CIRÚRGICO,,,,,HCO,HSO,REF,,,MEMBROS INFERIORES,SISTEMA MÚSCULO-ESQUELÉTICO E ARTICULAÇÕES,PROCEDIMENTOS CIRÚRGICOS E INVASIVOS
11,LESÕES LIGAMENTARES PERIFÉRICAS CRÔNICAS - TRATAMENTO CIRÚRGICO,,,,,HCO,HSO,REF,,,MEMBROS INFERIORES,SISTEMA MÚSCULO-ESQUELÉTICO E ARTICULAÇÕES,PROCEDIMENTOS CIRÚRGICOS E INVASIVOS
12,LIBERAÇÃO LATERAL E FACECTOMIAS EM JOELHO,,,,,HCO,HSO,REF,,,MEMBROS INFERIORES,SISTEMA MÚSCULO-ESQUELÉTICO E ARTICULAÇÕES,PROCEDIMENTOS CIRÚRGICOS E INVASIVOS
13,MENISCORRAFIA,,,,,HCO,HSO,REF,,,MEMBROS INFERIORES,SISTEMA MÚSCULO-ESQUELÉTICO E ARTICULAÇÕES,PROCEDIMENTOS CIRÚRGICOS E INVASIVOS
14,OSTEOMIELITE DOS OSSOS DA PERNA - TRATAMENTO CIRÚRGICO,,,,,HCO,HSO,REF,,,MEMBROS INFERIORES,SISTEMA MÚSCULO-ESQUELÉTICO E ARTICULAÇÕES,PROCEDIMENTOS CIRÚRGICOS E INVASIVOS
15,OSTEOTOMIA OU PSEUDARTROSE DO TARSO E MÉDIO PÉ - TRATAMENTO CIRÚRGICO,,,,,HCO,HSO,REF,,,MEMBROS INFERIORES,SISTEMA MÚSCULO-ESQUELÉTICO E ARTICULAÇÕES,PROCEDIMENTOS CIRÚRGICOS E INVASIVOS
16,OSTEOTOMIA OU PSEUDARTROSE DOS METATARSOS/FALANGES - TRATAMENTO CIRÚRGICO,,,,,HCO,HSO,REF,,,MEMBROS INFERIORES,SISTEMA MÚSCULO-ESQUELÉTICO E ARTICULAÇÕES,PROCEDIMENTOS CIRÚRGICOS E INVASIVOS
17,OSTEOTOMIAS AO NÍVEL DO JOELHO - TRATAMENTO CIRÚRGICO,,,,,HCO,HSO,REF,,,MEMBROS INFERIORES,SISTEMA MÚSCULO-ESQUELÉTICO E ARTICULAÇÕES,PROCEDIMENTOS CIRÚRGICOS E INVASIVOS
18,OSTEOTOMIAS E/OU PSEUDARTROSES - TRATAMENTO CIRÚRGICO,,,,,HCO,HSO,REF,,,MEMBROS INFERIORES,SISTEMA MÚSCULO-ESQUELÉTICO E ARTICULAÇÕES,PROCEDIMENTOS CIRÚRGICOS E INVASIVOS
