,PROCEDIMENTO,RN (alteração),VIGÊNCIA,OD,AMB,HCO,HSO,REF,PAC,DUT,SUBGRUPO,GRUPO,CAPITULO
0,FRATURA/LUXAÇÃO COM FIXADOR EXTERNO - TRATAMENTO CIRÚRGICO,,,,,HCO,HSO,REF,,,CINTURA PÉLVICA,SISTEMA MÚSCULO-ESQUELÉTICO E ARTICULAÇÕES,PROCEDIMENTOS CIRÚRGICOS E INVASIVOS
1,FRATURAS E/OU LUXAÇÕES DO ANEL PÉLVICO - REDUÇÃO INCRUENTA,,,,AMB,HCO,HSO,REF,,,CINTURA PÉLVICA,SISTEMA MÚSCULO-ESQUELÉTICO E ARTICULAÇÕES,PROCEDIMENTOS CIRÚRGICOS E INVASIVOS
2,FRATURAS E/OU LUXAÇÕES DO ANEL PÉLVICO (COM UMA OU MAIS ABORDAGENS) - TRATAMENTO CIRÚRGICO,,,,,HCO,HSO,REF,,,CINTURA PÉLVICA,SISTEMA MÚSCULO-ESQUELÉTICO E ARTICULAÇÕES,PROCEDIMENTOS CIRÚRGICOS E INVASIVOS
3,OSTEOMIELITE AO NÍVEL DA PELVE - TRATAMENTO CIRÚRGICO,,,,,HCO,HSO,REF,,,CINTURA PÉLVICA,SISTEMA MÚSCULO-ESQUELÉTICO E ARTICULAÇÕES,PROCEDIMENTOS CIRÚRGICOS E INVASIVOS
4,"OSTEOTOMIAS AO NÍVEL DO COLO OU REGIÃO TROCANTERIANA (SUGIOKA, MARTIN, BOMBELLI ETC) - TRATAMENTO CIRÚRGICO",,,,,HCO,HSO,REF,,,CINTURA PÉLVICA,SISTEMA MÚSCULO-ESQUELÉTICO E ARTICULAÇÕES,PROCEDIMENTOS CIRÚRGICOS E INVASIVOS
5,OSTEOTOMIAS / ARTRODESES - TRATAMENTO CIRÚRGICO,,,,,HCO,HSO,REF,,,CINTURA PÉLVICA,SISTEMA MÚSCULO-ESQUELÉTICO E ARTICULAÇÕES,PROCEDIMENTOS CIRÚRGICOS E INVASIVOS
6,"OSTEOTOMIAS SUPRA-ACETABULARES (CHIARI, PEMBERTON, ""DIAL"", ETC) - TRATAMENTO CIRÚRGICO",,,,,HCO,HSO,REF,,,CINTURA PÉLVICA,SISTEMA MÚSCULO-ESQUELÉTICO E ARTICULAÇÕES,PROCEDIMENTOS CIRÚRGICOS E INVASIVOS
7,PUNÇÃO-BIÓPSIA COXO-FEMORAL-ARTROCENTESE,,,,,HCO,HSO,REF,,,CINTURA PÉLVICA,SISTEMA MÚSCULO-ESQUELÉTICO E ARTICULAÇÕES,PROCEDIMENTOS CIRÚRGICOS E INVASIVOS
8,RECONSTRUÇÃO DE QUADRIL COM FIXADOR EXTERNO,,,,,HCO,HSO,REF,,,CINTURA PÉLVICA,SISTEMA MÚSCULO-ESQUELÉTICO E ARTICULAÇÕES,PROCEDIMENTOS CIRÚRGICOS E INVASIVOS
9,REVISÃO DE ARTROPLASTIAS DE QUADRIL COM RETIRADA DE COMPONENTES E IMPLANTE DE PRÓTESE,,,,,HCO,HSO,REF,,,CINTURA PÉLVICA,SISTEMA MÚSCULO-ESQUELÉTICO E ARTICULAÇÕES,PROCEDIMENTOS CIRÚRGICOS E INVASIVOS
10,TRATAMENTO DE NECROSE AVASCULAR POR FORAGEM DE ESTAQUEAMENTO ASSOCIADA À NECROSE MICROCIRÚRGICA DA CABEÇA FEMORAL,,,,,HCO,HSO,REF,,,CINTURA PÉLVICA,SISTEMA MÚSCULO-ESQUELÉTICO E ARTICULAÇÕES,PROCEDIMENTOS CIRÚRGICOS E INVASIVOS
11,TRATAMENTO CIRÚRGICO DA ARTRITE SÉPTICA,,,,,HCO,HSO,REF,,,CINTURA PÉLVICA,SISTEMA MÚSCULO-ESQUELÉTICO E ARTICULAÇÕES,PROCEDIMENTOS CIRÚRGICOS E INVASIVOS
12,TRATAMENTO CIRÚRGICO DA LUXAÇÃO CONGÊNITA DE QUADRIL - REDUÇÃO CIRÚRGICA COM OU SEM OSTEOTOMIA / REDUÇÃO INCRUENTA COM OU SEM TENOTOMIA DE ADUTORES,,,,,HCO,HSO,REF,,,CINTURA PÉLVICA,SISTEMA MÚSCULO-ESQUELÉTICO E ARTICULAÇÕES,PROCEDIMENTOS CIRÚRGICOS E INVASIVOS
13,ALONGAMENTO / TRANSPORTE ÓSSEO / PSEUDOARTROSE COM FIXADOR EXTERNO (DINÂMICO OU NÃO) - QUALQUER LOCALIZAÇÃO,,,,,HCO,HSO,REF,,,MEMBROS INFERIORES,SISTEMA MÚSCULO-ESQUELÉTICO E ARTICULAÇÕES,PROCEDIMENTOS CIRÚRGICOS E INVASIVOS
14,ALONGAMENTO COM FIXADOR DINÂMICO - TRATAMENTO CIRÚRGICO,,,,,HCO,HSO,REF,,,MEMBROS INFERIORES,SISTEMA MÚSCULO-ESQUELÉTICO E ARTICULAÇÕES,PROCEDIMENTOS CIRÚRGICOS E INVASIVOS
15,ALONGAMENTO DE FÊMUR - TRATAMENTO CIRÚRGICO,,,,,HCO,HSO,REF,,,MEMBROS INFERIORES,SISTEMA MÚSCULO-ESQUELÉTICO E ARTICULAÇÕES,PROCEDIMENTOS CIRÚRGICOS E INVASIVOS
16,ALONGAMENTO DOS OSSOS DA PERNA - TRATAMENTO CIRÚRGICO,,,,,HCO,HSO,REF,,,MEMBROS INFERIORES,SISTEMA MÚSCULO-ESQUELÉTICO E ARTICULAÇÕES,PROCEDIMENTOS CIRÚRGICOS E INVASIVOS
17,AMPUTAÇÃO AO NÍVEL DA COXA - TRATAMENTO CIRÚRGICO,,,,,HCO,HSO,REF,,,MEMBROS INFERIORES,SISTEMA MÚSCULO-ESQUELÉTICO E ARTICULAÇÕES,PROCEDIMENTOS CIRÚRGICOS E INVASIVOS
18,AMPUTAÇÃO AO NÍVEL DO PÉ - TRATAMENTO CIRÚRGICO,,,,,HCO,HSO,REF,,,MEMBROS INFERIORES,SISTEMA MÚSCULO-ESQUELÉTICO E ARTICULAÇÕES,PROCEDIMENTOS CIRÚRGICOS E INVASIVOS
