,PROCEDIMENTO,RN (alteração),VIGÊNCIA,OD,AMB,HCO,HSO,REF,PAC,DUT,SUBGRUPO,GRUPO,CAPITULO
0,"CORREÇÃO DE TUMORES, CICATRIZES OU FERIMENTOS COM O AUXÍLIO DE EXPANSORES DE TECIDOS",,,,,HCO,HSO,REF,,,FACE,CABEÇA E PESCOÇO,PROCEDIMENTOS CIRÚRGICOS E INVASIVOS
1,EXÉRESE DE CISTO,,,,AMB,HCO,HSO,REF,,,FACE,CABEÇA E PESCOÇO,PROCEDIMENTOS CIRÚRGICOS E INVASIVOS
2,EXÉRESE DE TUMOR OU FÍSTULA,,,,,HCO,HSO,REF,,,FACE,CABEÇA E PESCOÇO,PROCEDIMENTOS CIRÚRGICOS E INVASIVOS
3,"HEMIATROFIA FACIAL, CORREÇÃO COM ENXERTO DE GORDURA OU IMPLANTE",,,,,HCO,HSO,REF,,,FACE,CABEÇA E PESCOÇO,PROCEDIMENTOS CIRÚRGICOS E INVASIVOS
4,"REANIMAÇÃO COM O MÚSCULO TEMPORAL PARA O TRATAMENTO DA PARALISIA FACIAL, COM OU SEM NEUROTIZAÇÃO",,,,,HCO,HSO,REF,,,FACE,CABEÇA E PESCOÇO,PROCEDIMENTOS CIRÚRGICOS E INVASIVOS
5,RECONSTRUÇÃO COM RETALHO AXIAL DA ARTÉRIA TEMPORAL SUPERFICIAL,,,,,HCO,HSO,REF,,,FACE,CABEÇA E PESCOÇO,PROCEDIMENTOS CIRÚRGICOS E INVASIVOS
6,RECONSTRUÇÃO COM RETALHOS AXIAIS SUPRA-ORBITAIS E SUPRATROCLEARES,,,,,HCO,HSO,REF,,,FACE,CABEÇA E PESCOÇO,PROCEDIMENTOS CIRÚRGICOS E INVASIVOS
7,RECONSTRUÇÃO COM RETALHOS EM VY DE PEDÍCULO SUBARTERIAL,,,,,HCO,HSO,REF,,,FACE,CABEÇA E PESCOÇO,PROCEDIMENTOS CIRÚRGICOS E INVASIVOS
8,RECONSTRUÇÃO COM ROTAÇÃO DO MÚSCULO TEMPORAL,,,,,HCO,HSO,REF,,,FACE,CABEÇA E PESCOÇO,PROCEDIMENTOS CIRÚRGICOS E INVASIVOS
9,BIÓPSIA DE MANDÍBULA/MAXILA (COM DIRETRIZ DE UTILIZAÇÃO),,,OD,AMB,HCO,HSO,REF,,85.0,MANDÍBULA E MAXILA,CABEÇA E PESCOÇO,PROCEDIMENTOS CIRÚRGICOS E INVASIVOS
10,TRATAMENTO CIRÚRGICO DE TUMORES BENIGNOS ODONTOGÊNICOS SEM RECONSTRUÇÃO (COM DIRETRIZ DE UTILIZAÇÃO),,,OD,AMB,HCO,HSO,REF,,87.0,MANDÍBULA E MAXILA,CABEÇA E PESCOÇO,PROCEDIMENTOS CIRÚRGICOS E INVASIVOS
11,REMOÇÃO DE ODONTOMA,,,OD,AMB,HCO,HSO,REF,,,MANDÍBULA E MAXILA,CABEÇA E PESCOÇO,PROCEDIMENTOS CIRÚRGICOS E INVASIVOS
12,TRATAMENTO CIRÚRGICO DE HIPERPLASIAS DE TECIDOS ÓSSEOS/CARTILAGINOSOS NA REGIÃO BUCO- MAXILO-FACIAL (COM DIRETRIZ DE UTILIZAÇÃO),,,OD,AMB,HCO,HSO,REF,,88.0,MANDÍBULA E MAXILA,CABEÇA E PESCOÇO,PROCEDIMENTOS CIRÚRGICOS E INVASIVOS
13,TRATAMENTO CIRÚRGICO DE TUMORES BENIGNOS DE TECIDOS ÓSSEOS/CARTILAGINOSOS NA REGIÃO BUCO-MAXILO-FACIAL (COM DIRETRIZ DE UTILIZAÇÃO),,,OD,AMB,HCO,HSO,REF,,88.0,MANDÍBULA E MAXILA,CABEÇA E PESCOÇO,PROCEDIMENTOS CIRÚRGICOS E INVASIVOS
14,EXÉRESE DE PEQUENOS CISTOS DE MANDÍBULA/MAXILA (COM DIRETRIZ DE UTILIZAÇÃO),,,OD,AMB,HCO,HSO,REF,,91.0,MANDÍBULA E MAXILA,CABEÇA E PESCOÇO,PROCEDIMENTOS CIRÚRGICOS E INVASIVOS
15,HEMIMANDIBULECTOMIA OU RESSECÇÃO SECCIONAL DA MANDÍBULA,,,,,HCO,HSO,REF,,,MANDÍBULA E MAXILA,CABEÇA E PESCOÇO,PROCEDIMENTOS CIRÚRGICOS E INVASIVOS
16,MANDIBULECTOMIA COM OU SEM ESVAZIAMENTO GANGLIONAR CERVICAL COM OU SEM ENXERTO ÓSSEO,,,,,HCO,HSO,REF,,,MANDÍBULA E MAXILA,CABEÇA E PESCOÇO,PROCEDIMENTOS CIRÚRGICOS E INVASIVOS
17,MANDIBULECTOMIA COM OU SEM ESVAZIAMENTO ORBITAL E RINOTOMIA LATERAL,,,,,HCO,HSO,REF,,,MANDÍBULA E MAXILA,CABEÇA E PESCOÇO,PROCEDIMENTOS CIRÚRGICOS E INVASIVOS
18,MANDIBULECTOMIA COM RECONSTRUÇÃO À CUSTA DE OSTEOMIOCUTÂNEO,,,,,HCO,HSO,REF,,,MANDÍBULA E MAXILA,CABEÇA E PESCOÇO,PROCEDIMENTOS CIRÚRGICOS E INVASIVOS
