,PROCEDIMENTO,RN (alteração),VIGÊNCIA,OD,AMB,HCO,HSO,REF,PAC,DUT,SUBGRUPO,GRUPO,CAPITULO
0,LABIRINTECTOMIA (MEMBRANOSA OU ÓSSEA) - SEM AUDIÇÃO,,,,,HCO,HSO,REF,,,ORELHA INTERNA,ORELHA,PROCEDIMENTOS CIRÚRGICOS E INVASIVOS
1,NEURECTOMIA VESTIBULAR PARA FOSSA MÉDIA OU POSTERIOR,,,,,HCO,HSO,REF,,,ORELHA INTERNA,ORELHA,PROCEDIMENTOS CIRÚRGICOS E INVASIVOS
2,NEURECTOMIA VESTIBULAR TRANSLABIRÍNTICA - SEM AUDIÇÃO,,,,,HCO,HSO,REF,,,ORELHA INTERNA,ORELHA,PROCEDIMENTOS CIRÚRGICOS E INVASIVOS
3,RESSECÇÃO DO OSSO TEMPORAL,,,,,HCO,HSO,REF,,,ORELHA INTERNA,ORELHA,PROCEDIMENTOS CIRÚRGICOS E INVASIVOS
4,TUMOR DO NERVO ACÚSTICO - RESSECÇÃO,,,,,HCO,HSO,REF,,,ORELHA INTERNA,ORELHA,PROCEDIMENTOS CIRÚRGICOS E INVASIVOS
5,ABSCESSO OU HEMATOMA DE SEPTO NASAL - DRENAGEM COM OU SEM ANESTESIA GERAL,,,,AMB,HCO,HSO,REF,,,NARIZ,NARIZ E SEIOS PARANASAIS,PROCEDIMENTOS CIRÚRGICOS E INVASIVOS
6,ALONGAMENTO DE COLUMELA EM PACIENTES COM LESÕES LABIO-PALATAIS,,,,,HCO,HSO,REF,,,NARIZ,NARIZ E SEIOS PARANASAIS,PROCEDIMENTOS CIRÚRGICOS E INVASIVOS
7,BIÓPSIA DE NARIZ,,,,AMB,HCO,HSO,REF,,,NARIZ,NARIZ E SEIOS PARANASAIS,PROCEDIMENTOS CIRÚRGICOS E INVASIVOS
8,CAUTERIZAÇÃO DE EPISTAXE COM OU SEM MICROSCOPIA,,,,AMB,HCO,HSO,REF,,,NARIZ,NARIZ E SEIOS PARANASAIS,PROCEDIMENTOS CIRÚRGICOS E INVASIVOS
9,CORNETO INFERIOR - CAUTERIZAÇÃO LINEAR E/OU INFILTRAÇÃO MEDICAMENTOSA,,,,AMB,HCO,HSO,REF,,,NARIZ,NARIZ E SEIOS PARANASAIS,PROCEDIMENTOS CIRÚRGICOS E INVASIVOS
10,EPISTAXE - CAUTERIZAÇÃO DA ARTÉRIA ESFENOPALATINA COM OU SEM MICROSCOPIA POR VIDEOENDOSCOPIA,,,,AMB,HCO,HSO,REF,,,NARIZ,NARIZ E SEIOS PARANASAIS,PROCEDIMENTOS CIRÚRGICOS E INVASIVOS
11,EPISTAXE - LIGADURA DAS ARTÉRIAS ETMOIDAIS,,,,,HCO,HSO,REF,,,NARIZ,NARIZ E SEIOS PARANASAIS,PROCEDIMENTOS CIRÚRGICOS E INVASIVOS
12,"EPISTAXE - TAMPONAMENTO ANTERO-POSTERIOR, COM OU SEM ANESTESIA GERAL",,,,AMB,HCO,HSO,REF,,,NARIZ,NARIZ E SEIOS PARANASAIS,PROCEDIMENTOS CIRÚRGICOS E INVASIVOS
13,EPISTAXE - TAMPONAMENTO ANTERIOR,,,,AMB,HCO,HSO,REF,,,NARIZ,NARIZ E SEIOS PARANASAIS,PROCEDIMENTOS CIRÚRGICOS E INVASIVOS
14,EXÉRESE DE TUMOR COM ABORDAGEM CRANIOFACIAL ONCOLÓGICA (TEMPO FACIAL) PIRÂMIDE NASAL,,,,,HCO,HSO,REF,,,NARIZ,NARIZ E SEIOS PARANASAIS,PROCEDIMENTOS CIRÚRGICOS E INVASIVOS
15,EXÉRESE DE TUMOR NASAL POR VIA ENDOSCOPICA,,,,AMB,HCO,HSO,REF,,,NARIZ,NARIZ E SEIOS PARANASAIS,PROCEDIMENTOS CIRÚRGICOS E INVASIVOS
16,FECHAMENTO DE FÍSTULA LIQUÓRICA TRANSNASAL,,,,,HCO,HSO,REF,,,NARIZ,NARIZ E SEIOS PARANASAIS,PROCEDIMENTOS CIRÚRGICOS E INVASIVOS
17,FÍSTULA LIQUÓRICA - TRATAMENTO CIRÚRGICO ENDOSCÓPICO,,,,,HCO,HSO,REF,,,NARIZ,NARIZ E SEIOS PARANASAIS,PROCEDIMENTOS CIRÚRGICOS E INVASIVOS
18,FRATURAS DOS OSSOS NASAIS - REDUÇÃO CIRÚRGICA E GESSO,,,,,HCO,HSO,REF,,,NARIZ,NARIZ E SEIOS PARANASAIS,PROCEDIMENTOS CIRÚRGICOS E INVASIVOS
