,PROCEDIMENTO,RN (alteração),VIGÊNCIA,OD,AMB,HCO,HSO,REF,PAC,DUT,SUBGRUPO,GRUPO,CAPITULO
0,CISTOSTOMIA CIRÚRGICA,,,,,HCO,HSO,REF,,,BEXIGA,SISTEMA URINÁRIO,PROCEDIMENTOS CIRÚRGICOS E INVASIVOS
1,CISTOSTOMIA COM PROCEDIMENTO ENDOSCÓPICO,,,,AMB,HCO,HSO,REF,,,BEXIGA,SISTEMA URINÁRIO,PROCEDIMENTOS CIRÚRGICOS E INVASIVOS
2,CISTOSTOMIA POR PUNÇÃO COM TROCATER,,,,AMB,HCO,HSO,REF,,,BEXIGA,SISTEMA URINÁRIO,PROCEDIMENTOS CIRÚRGICOS E INVASIVOS
3,COLO DE DIVERTÍCULO - RESSECÇÃO ENDOSCÓPICA,,,,,HCO,HSO,REF,,,BEXIGA,SISTEMA URINÁRIO,PROCEDIMENTOS CIRÚRGICOS E INVASIVOS
4,COLO VESICAL - RESSECÇÃO ENDOSCÓPICA,,,,,HCO,HSO,REF,,,BEXIGA,SISTEMA URINÁRIO,PROCEDIMENTOS CIRÚRGICOS E INVASIVOS
5,CORPO ESTRANHO - EXTRAÇÃO CIRÚRGICA,,,,,HCO,HSO,REF,,,BEXIGA,SISTEMA URINÁRIO,PROCEDIMENTOS CIRÚRGICOS E INVASIVOS
6,CORPO ESTRANHO - EXTRAÇÃO ENDOSCÓPICA,,,,AMB,HCO,HSO,REF,,,BEXIGA,SISTEMA URINÁRIO,PROCEDIMENTOS CIRÚRGICOS E INVASIVOS
7,DIVERTICULECTOMIA VESICAL,,,,,HCO,HSO,REF,,,BEXIGA,SISTEMA URINÁRIO,PROCEDIMENTOS CIRÚRGICOS E INVASIVOS
8,ENTEROCISTOPLASTIA (AMPLIAÇÃO VESICAL),,,,,HCO,HSO,REF,,,BEXIGA,SISTEMA URINÁRIO,PROCEDIMENTOS CIRÚRGICOS E INVASIVOS
9,EXTROFIA EM CLOACA - TRATAMENTO CIRÚRGICO,,,,,HCO,HSO,REF,,,BEXIGA,SISTEMA URINÁRIO,PROCEDIMENTOS CIRÚRGICOS E INVASIVOS
10,EXTROFIA VESICAL - TRATAMENTO CIRÚRGICO,,,,,HCO,HSO,REF,,,BEXIGA,SISTEMA URINÁRIO,PROCEDIMENTOS CIRÚRGICOS E INVASIVOS
11,FÍSTULA VESICAL - TRATAMENTO CIRÚRGICO,,,,,HCO,HSO,REF,,,BEXIGA,SISTEMA URINÁRIO,PROCEDIMENTOS CIRÚRGICOS E INVASIVOS
12,"INCONTINÊNCIA URINÁRIA - ""SLING"" VAGINAL OU ABDOMINAL, SINTÉTICO OU AUTÓLOGO",,,,,HCO,HSO,REF,,,BEXIGA,SISTEMA URINÁRIO,PROCEDIMENTOS CIRÚRGICOS E INVASIVOS
13,INCONTINÊNCIA URINÁRIA - SUSPENSÃO ENDOSCÓPICA DE COLO,,,,,HCO,HSO,REF,,,BEXIGA,SISTEMA URINÁRIO,PROCEDIMENTOS CIRÚRGICOS E INVASIVOS
14,INCONTINÊNCIA URINÁRIA - TRATAMENTO CIRÚRGICO SUPRA-PÚBICO,,,,,HCO,HSO,REF,,,BEXIGA,SISTEMA URINÁRIO,PROCEDIMENTOS CIRÚRGICOS E INVASIVOS
15,INCONTINÊNCIA URINÁRIA COM COLPOPLASTIA ANTERIOR - TRATAMENTO CIRÚRGICO (COM OU SEM USO DE PRÓTESE),,,,,HCO,HSO,REF,,,BEXIGA,SISTEMA URINÁRIO,PROCEDIMENTOS CIRÚRGICOS E INVASIVOS
16,INCONTINÊNCIA URINÁRIA - TRATAMENTO ENDOSCÓPICO (INJEÇÃO),,,,,HCO,HSO,REF,,,BEXIGA,SISTEMA URINÁRIO,PROCEDIMENTOS CIRÚRGICOS E INVASIVOS
17,"NEOBEXIGA CONTINENTE (CUTÂNEA, RETAL OU URETRAL)",,,,,HCO,HSO,REF,,,BEXIGA,SISTEMA URINÁRIO,PROCEDIMENTOS CIRÚRGICOS E INVASIVOS
18,PÓLIPOS VESICAIS - RESSECÇÃO CIRÚRGICA,,,,,HCO,HSO,REF,,,BEXIGA,SISTEMA URINÁRIO,PROCEDIMENTOS CIRÚRGICOS E INVASIVOS
