,PROCEDIMENTO,RN (alteração),VIGÊNCIA,OD,AMB,HCO,HSO,REF,PAC,DUT,SUBGRUPO,GRUPO,CAPITULO
0,BLOQUEIO DE GÂNGLIO ESTRELADO COM NEUROLÍTICO,,,,,HCO,HSO,REF,,,"BLOQUEIOS ANESTÉSICOS DE NERVOS EESTÍMULOS NEUROVASCULARES",OUTROS PROCEDIMENTOS INVASIVOS,PROCEDIMENTOS CIRÚRGICOS E INVASIVOS
1,BLOQUEIO DE NERVO PERIFÉRICO,,,,AMB,HCO,HSO,REF,,,"BLOQUEIOS ANESTÉSICOS DE NERVOS EESTÍMULOS NEUROVASCULARES",OUTROS PROCEDIMENTOS INVASIVOS,PROCEDIMENTOS CIRÚRGICOS E INVASIVOS
2,"BLOQUEIO ANESTÉSICO DE PLEXOS NERVOSOS (LOMBOSSACRO, BRAQUIAL, CERVICAL) PARA TRATAMENTO DE DOR",,,,AMB,HCO,HSO,REF,,,"BLOQUEIOS ANESTÉSICOS DE NERVOS EESTÍMULOS NEUROVASCULARES",OUTROS PROCEDIMENTOS INVASIVOS,PROCEDIMENTOS CIRÚRGICOS E INVASIVOS
3,BLOQUEIO FACETÁRIO PARA-ESPINHOSO,,,,AMB,HCO,HSO,REF,,,"BLOQUEIOS ANESTÉSICOS DE NERVOS EESTÍMULOS NEUROVASCULARES",OUTROS PROCEDIMENTOS INVASIVOS,PROCEDIMENTOS CIRÚRGICOS E INVASIVOS
4,BLOQUEIO NEUROLÍTICO DE NERVOS CRANIANOS OU CÉRVICO-TORÁCICO,,,,,HCO,HSO,REF,PAC,,"BLOQUEIOS ANESTÉSICOS DE NERVOS EESTÍMULOS NEUROVASCULARES",OUTROS PROCEDIMENTOS INVASIVOS,PROCEDIMENTOS CIRÚRGICOS E INVASIVOS
5,"BLOQUEIO NEUROLÍTICO DO PLEXO CELÍACO, SIMPÁTICO LOMBAR OU TORÁCICO",,,,,HCO,HSO,REF,PAC,,"BLOQUEIOS ANESTÉSICOS DE NERVOS EESTÍMULOS NEUROVASCULARES",OUTROS PROCEDIMENTOS INVASIVOS,PROCEDIMENTOS CIRÚRGICOS E INVASIVOS
6,BLOQUEIO NEUROLÍTICO PERIDURAL OU SUBARACNÓIDEO,,,,,HCO,HSO,REF,PAC,,"BLOQUEIOS ANESTÉSICOS DE NERVOS EESTÍMULOS NEUROVASCULARES",OUTROS PROCEDIMENTOS INVASIVOS,PROCEDIMENTOS CIRÚRGICOS E INVASIVOS
7,BLOQUEIO PERIDURAL OU SUBARACNÓIDEO COM CORTICÓIDE,,,,,HCO,HSO,REF,PAC,,"BLOQUEIOS ANESTÉSICOS DE NERVOS EESTÍMULOS NEUROVASCULARES",OUTROS PROCEDIMENTOS INVASIVOS,PROCEDIMENTOS CIRÚRGICOS E INVASIVOS
8,BLOQUEIO SIMPÁTICO POR VIA VENOSA,,,,,HCO,HSO,REF,,,"BLOQUEIOS ANESTÉSICOS DE NERVOS EESTÍMULOS NEUROVASCULARES",OUTROS PROCEDIMENTOS INVASIVOS,PROCEDIMENTOS CIRÚRGICOS E INVASIVOS
9,"INSTALAÇÃO DE BOMBA DE INFUSÃO PARA ANALGESIA EM DOR AGUDA OU CRÔNICA, POR QUALQUER VIA",,,,AMB,HCO,HSO,REF,,,"BLOQUEIOS ANESTÉSICOS DE NERVOS EESTÍMULOS NEUROVASCULARES",OUTROS PROCEDIMENTOS INVASIVOS,PROCEDIMENTOS CIRÚRGICOS E INVASIVOS
10,PASSAGEM DE CATÉTER PERIDURAL OU SUBARACNÓIDEO COM BLOQUEIO DE PROVA,,,,AMB,HCO,HSO,REF,,,"BLOQUEIOS ANESTÉSICOS DE NERVOS EESTÍMULOS NEUROVASCULARES",OUTROS PROCEDIMENTOS INVASIVOS,PROCEDIMENTOS CIRÚRGICOS E INVASIVOS
11,ECG CONVENCIONAL,,,,AMB,HCO,HSO,REF,,,ECG - TE,ELETROFISIOLÓGICOS / MECÂNICOS E FUNCIONAIS,PROCEDIMENTOS DIAGNÓSTICOS E TERAPÊUTICOS
12,ECG DE ALTA RESOLUÇÃO,,,,AMB,HCO,HSO,REF,,,ECG - TE,ELETROFISIOLÓGICOS / MECÂNICOS E FUNCIONAIS,PROCEDIMENTOS DIAGNÓSTICOS E TERAPÊUTICOS
13,"ERGOESPIROMETRIA OU TESTE CARDIOPULMONAR DE EXERCÍCIO COMPLETO (ESPIROMETRIA FORÇADA, CONSUMO DE O2, PRODUÇÃO DE CO2 E DERIVADOS, ECG, OXIMETRIA)",,,,AMB,HCO,HSO,REF,,,ECG - TE,ELETROFISIOLÓGICOS / MECÂNICOS E FUNCIONAIS,PROCEDIMENTOS DIAGNÓSTICOS E TERAPÊUTICOS
14,ESTUDO DA VARIABILIDADE DA FREQUÊNCIA CARDÍACA,,,,AMB,HCO,HSO,REF,,,ECG - TE,ELETROFISIOLÓGICOS / MECÂNICOS E FUNCIONAIS,PROCEDIMENTOS DIAGNÓSTICOS E TERAPÊUTICOS
15,TESTE ERGOMÉTRICO (INCLUI ECG BASAL CONVENCIONAL) - COM DIRETRIZ DE UTILIZAÇÃO,,,,AMB,HCO,HSO,REF,,68.0,ECG - TE,ELETROFISIOLÓGICOS / MECÂNICOS E FUNCIONAIS,PROCEDIMENTOS DIAGNÓSTICOS E TERAPÊUTICOS
16,TESTE ERGOMÉTRICO COM MEDIDA DE GASES EXPIRADOS (TESTE CARDIOPULMONAR DE EXERCÍCIO) COM OU SEM ELETROCARDIOGRAMA,,,,AMB,HCO,HSO,REF,,,ECG - TE,ELETROFISIOLÓGICOS / MECÂNICOS E FUNCIONAIS,PROCEDIMENTOS DIAGNÓSTICOS E TERAPÊUTICOS
17,TESTE ERGOMÉTRICO COM REALIZAÇÃO DE GASOMETRIA ARTERIAL,,,,AMB,HCO,HSO,REF,,,ECG - TE,ELETROFISIOLÓGICOS / MECÂNICOS E FUNCIONAIS,PROCEDIMENTOS DIAGNÓSTICOS E TERAPÊUTICOS
18,MANOMETRIA ANORRETAL,,,,AMB,HCO,HSO,REF,,,TUBO DIGESTIVO,ELETROFISIOLÓGICOS / MECÂNICOS E FUNCIONAIS,PROCEDIMENTOS DIAGNÓSTICOS E TERAPÊUTICOS
