,PROCEDIMENTO,RN (alteração),VIGÊNCIA,OD,AMB,HCO,HSO,REF,PAC,DUT,SUBGRUPO,GRUPO,CAPITULO
0,TRISSEGMENTECTOMIAS,,,,,HCO,HSO,REF,,,FÍGADO E VIAS BILIARES,SISTEMA DIGESTIVO E ANEXOS,PROCEDIMENTOS CIRÚRGICOS E INVASIVOS
1,BIÓPSIA DE PÂNCREAS,,,,,HCO,HSO,REF,,,PÂNCREAS,SISTEMA DIGESTIVO E ANEXOS,PROCEDIMENTOS CIRÚRGICOS E INVASIVOS
2,BIÓPSIA DE PÂNCREAS POR PUNÇÃO DIRIGIDA,,,,,HCO,HSO,REF,,,PÂNCREAS,SISTEMA DIGESTIVO E ANEXOS,PROCEDIMENTOS CIRÚRGICOS E INVASIVOS
3,ENUCLEAÇÃO DE TUMORES PANCREÁTICOS,,,,,HCO,HSO,REF,,,PÂNCREAS,SISTEMA DIGESTIVO E ANEXOS,PROCEDIMENTOS CIRÚRGICOS E INVASIVOS
4,ENUCLEAÇÃO DE TUMORES PANCREÁTICOS POR VIDEOLAPAROSCOPIA,,,,,HCO,HSO,REF,,,PÂNCREAS,SISTEMA DIGESTIVO E ANEXOS,PROCEDIMENTOS CIRÚRGICOS E INVASIVOS
5,PANCREATECTOMIA PARCIAL OU TOTAL / SEQUESTRECTOMIA,,,,,HCO,HSO,REF,,,PÂNCREAS,SISTEMA DIGESTIVO E ANEXOS,PROCEDIMENTOS CIRÚRGICOS E INVASIVOS
6,PANCREATECTOMIA CORPO CAUDAL COM PRESERVAÇÃO DO BAÇO,,,,,HCO,HSO,REF,,,PÂNCREAS,SISTEMA DIGESTIVO E ANEXOS,PROCEDIMENTOS CIRÚRGICOS E INVASIVOS
7,PANCREATO-DUODENECTOMIA COM LINFADENECTOMIA,,,,,HCO,HSO,REF,,,PÂNCREAS,SISTEMA DIGESTIVO E ANEXOS,PROCEDIMENTOS CIRÚRGICOS E INVASIVOS
8,PANCREATO-ENTEROSTOMIA,,,,,HCO,HSO,REF,,,PÂNCREAS,SISTEMA DIGESTIVO E ANEXOS,PROCEDIMENTOS CIRÚRGICOS E INVASIVOS
9,PANCREATORRAFIA,,,,,HCO,HSO,REF,,,PÂNCREAS,SISTEMA DIGESTIVO E ANEXOS,PROCEDIMENTOS CIRÚRGICOS E INVASIVOS
10,PSEUDOCISTO PÂNCREAS - DRENAGEM,,,,,HCO,HSO,REF,,,PÂNCREAS,SISTEMA DIGESTIVO E ANEXOS,PROCEDIMENTOS CIRÚRGICOS E INVASIVOS
11,PSEUDOCISTO PÂNCREAS - DRENAGEM POR VIDEOLAPAROSCOPIA,,,,,HCO,HSO,REF,,,PÂNCREAS,SISTEMA DIGESTIVO E ANEXOS,PROCEDIMENTOS CIRÚRGICOS E INVASIVOS
12,BIÓPSIA ESPLÊNICA,,,,AMB,HCO,HSO,REF,,,BAÇO,SISTEMA DIGESTIVO E ANEXOS,PROCEDIMENTOS CIRÚRGICOS E INVASIVOS
13,ESPLENECTOMIA TOTAL OU PARCIAL,,,,,HCO,HSO,REF,,,BAÇO,SISTEMA DIGESTIVO E ANEXOS,PROCEDIMENTOS CIRÚRGICOS E INVASIVOS
14,ESPLENECTOMIA POR VIDEOLAPAROSCOPIA,,,,,HCO,HSO,REF,,,BAÇO,SISTEMA DIGESTIVO E ANEXOS,PROCEDIMENTOS CIRÚRGICOS E INVASIVOS
15,ESPLENORRAFIA,,,,,HCO,HSO,REF,,,BAÇO,SISTEMA DIGESTIVO E ANEXOS,PROCEDIMENTOS CIRÚRGICOS E INVASIVOS
16,DIÁLISE PERITONEAL,,,,AMB,HCO,HSO,REF,PAC,,PERITÔNIO,SISTEMA DIGESTIVO E ANEXOS,PROCEDIMENTOS CIRÚRGICOS E INVASIVOS
17,DIÁLISE PERITONEAL AMBULATORIAL CONTÍNUA (CAPD),,,,AMB,HCO,HSO,REF,PAC,,PERITÔNIO,SISTEMA DIGESTIVO E ANEXOS,PROCEDIMENTOS CIRÚRGICOS E INVASIVOS
18,DIÁLISE PERITONEAL AMBULATORIAL CONTÍNUA (CAPD) - TREINAMENTO,,,,AMB,HCO,HSO,REF,PAC,,PERITÔNIO,SISTEMA DIGESTIVO E ANEXOS,PROCEDIMENTOS CIRÚRGICOS E INVASIVOS
