,PROCEDIMENTO,RN (alteração),VIGÊNCIA,OD,AMB,HCO,HSO,REF,PAC,DUT,SUBGRUPO,GRUPO,CAPITULO
0,PLÁSTICA DO DUCTO PAROTÍDEO,,,,,HCO,HSO,REF,,,BOCA,CABEÇA E PESCOÇO,PROCEDIMENTOS CIRÚRGICOS E INVASIVOS
1,PULPOTOMIA,,,OD,,,,,,,BOCA,CABEÇA E PESCOÇO,PROCEDIMENTOS CIRÚRGICOS E INVASIVOS
2,PULPOTOMIA EM DENTE DECÍDUO,,,OD,,,,,,,BOCA,CABEÇA E PESCOÇO,PROCEDIMENTOS CIRÚRGICOS E INVASIVOS
3,COLETA DE RASPADO EM LESÕES OU SÍTIOS ESPECÍFICOS DA REGIÃO BUCO-MAXILO-FACIAL,,,OD,,,,,,,BOCA,CABEÇA E PESCOÇO,PROCEDIMENTOS CIRÚRGICOS E INVASIVOS
4,PUNÇÃO ASPIRATIVA NA REGIÃO BUCO-MAXILO-FACIAL,,,OD,,,,,,,BOCA,CABEÇA E PESCOÇO,PROCEDIMENTOS CIRÚRGICOS E INVASIVOS
5,RASPAGEM SUB-GENGIVAL E ALISAMENTO RADICULAR/CURETAGEM DE BOLSA PERIODONTAL,,,OD,,,,,,,BOCA,CABEÇA E PESCOÇO,PROCEDIMENTOS CIRÚRGICOS E INVASIVOS
6,RASPAGEM SUPRA-GENGIVAL E POLIMENTO CORONÁRIO,,,OD,,,,,,,BOCA,CABEÇA E PESCOÇO,PROCEDIMENTOS CIRÚRGICOS E INVASIVOS
7,"REABILITAÇÃO COM COROA DE ACETATO, AÇO OU POLICARBONATO (COM DIRETRIZ DE UTILIZAÇÃO)",,,OD,,,,,,89.0,BOCA,CABEÇA E PESCOÇO,PROCEDIMENTOS CIRÚRGICOS E INVASIVOS
8,REABILITAÇÃO COM COROA TOTAL DE CERÔMERO UNITÁRIA - INCLUI A PEÇA PROTÉTICA (COM DIRETRIZ DE UTILIZAÇÃO),,,OD,,,,,,92.0,BOCA,CABEÇA E PESCOÇO,PROCEDIMENTOS CIRÚRGICOS E INVASIVOS
9,REABILITAÇÃO COM COROA TOTAL METÁLICA UNITÁRIA- INCLUI A PEÇA PROTÉTICA (COM DIRETRIZ DE UTILIZAÇÃO),,,OD,,,,,,93.0,BOCA,CABEÇA E PESCOÇO,PROCEDIMENTOS CIRÚRGICOS E INVASIVOS
10,REABILITAÇÃO COM NÚCLEO METÁLICO FUNDIDO/NÚCLEO PRÉ-FABRICADO - INCLUI A PEÇA PROTÉTICA (COM DIRETRIZ DE UTILIZAÇÃO),,,OD,,,,,,94.0,BOCA,CABEÇA E PESCOÇO,PROCEDIMENTOS CIRÚRGICOS E INVASIVOS
11,REABILITAÇÃO COM RESTAURAÇÃO METÁLICA FUNDIDA (RMF) UNITÁRIA - INCLUI A PEÇA PROTÉTICA (COM DIRETRIZ DE UTILIZAÇÃO),,,OD,,,,,,95.0,BOCA,CABEÇA E PESCOÇO,PROCEDIMENTOS CIRÚRGICOS E INVASIVOS
12,RECIMENTAÇÃO DE PEÇA/TRABALHO PROTÉTICO,,,OD,,,,,,,BOCA,CABEÇA E PESCOÇO,PROCEDIMENTOS CIRÚRGICOS E INVASIVOS
13,RECONSTRUÇÃO DE SULCO GENGIVO-LABIAL,,,OD,,,,,,,BOCA,CABEÇA E PESCOÇO,PROCEDIMENTOS CIRÚRGICOS E INVASIVOS
14,REDUÇÃO CRUENTA DE FRATURA ALVÉOLO DENTÁRIA,,,OD,,,,,,,BOCA,CABEÇA E PESCOÇO,PROCEDIMENTOS CIRÚRGICOS E INVASIVOS
15,REDUÇÃO INCRUENTA DE FRATURA ALVÉOLO DENTÁRIA,,,OD,,,,,,,BOCA,CABEÇA E PESCOÇO,PROCEDIMENTOS CIRÚRGICOS E INVASIVOS
16,REIMPLANTE DE DENTE AVULSIONADO COM CONTENÇÃO,,,OD,,,,,,,BOCA,CABEÇA E PESCOÇO,PROCEDIMENTOS CIRÚRGICOS E INVASIVOS
17,REMOÇÃO DE CORPO ESTRANHO INTRACANAL,,,OD,,,,,,,BOCA,CABEÇA E PESCOÇO,PROCEDIMENTOS CIRÚRGICOS E INVASIVOS
18,REMOÇÃO DE DENTES INCLUSOS / IMPACTADOS,,,OD,,,,,,,BOCA,CABEÇA E PESCOÇO,PROCEDIMENTOS CIRÚRGICOS E INVASIVOS
