,PROCEDIMENTO,RN (alteração),VIGÊNCIA,OD,AMB,HCO,HSO,REF,PAC,DUT,SUBGRUPO,GRUPO,CAPITULO
0,FRATURAS E/OU LUXAÇÕES DE FALANGES (INTERFALANGEANAS) - REDUÇÃO INCRUENTA,,,,,HCO,HSO,REF,,,MEMBROS SUPERIORES,SISTEMA MÚSCULO-ESQUELÉTICO E ARTICULAÇÕES,PROCEDIMENTOS CIRÚRGICOS E INVASIVOS
1,FRATURAS E/OU LUXAÇÕES DE FALANGES (INTERFALANGEANAS) - TRATAMENTO CIRÚRGICO,,,,,HCO,HSO,REF,,,MEMBROS SUPERIORES,SISTEMA MÚSCULO-ESQUELÉTICO E ARTICULAÇÕES,PROCEDIMENTOS CIRÚRGICOS E INVASIVOS
2,FRATURAS E/OU LUXAÇÕES DE METACARPIANOS - REDUÇÃO INCRUENTA,,,,AMB,HCO,HSO,REF,,,MEMBROS SUPERIORES,SISTEMA MÚSCULO-ESQUELÉTICO E ARTICULAÇÕES,PROCEDIMENTOS CIRÚRGICOS E INVASIVOS
3,LESÕES LIGAMENTARES - REDUÇÃO INCRUENTA,,,,AMB,HCO,HSO,REF,,,MEMBROS SUPERIORES,SISTEMA MÚSCULO-ESQUELÉTICO E ARTICULAÇÕES,PROCEDIMENTOS CIRÚRGICOS E INVASIVOS
4,LESÕES LIGAMENTARES AGUDAS OU CRÔNICAS DA MÃO - REPARAÇÃO CIRÚRGICA,,,,,HCO,HSO,REF,,,MEMBROS SUPERIORES,SISTEMA MÚSCULO-ESQUELÉTICO E ARTICULAÇÕES,PROCEDIMENTOS CIRÚRGICOS E INVASIVOS
5,LIGAMENTOPLASTIA COM ÂNCORA,,,,,HCO,HSO,REF,,,MEMBROS SUPERIORES,SISTEMA MÚSCULO-ESQUELÉTICO E ARTICULAÇÕES,PROCEDIMENTOS CIRÚRGICOS E INVASIVOS
6,LUXAÇÃO DO CARPO - REDUÇÃO INCRUENTA,,,,,HCO,HSO,REF,,,MEMBROS SUPERIORES,SISTEMA MÚSCULO-ESQUELÉTICO E ARTICULAÇÕES,PROCEDIMENTOS CIRÚRGICOS E INVASIVOS
7,LUXAÇÃO METACARPOFALANGEANA-TRATAMENTO CIRÚRGICO,,,,,HCO,HSO,REF,,,MEMBROS SUPERIORES,SISTEMA MÚSCULO-ESQUELÉTICO E ARTICULAÇÕES,PROCEDIMENTOS CIRÚRGICOS E INVASIVOS
8,OSTEOMIELITE DE ÚMERO - TRATAMENTO CIRÚRGICO,,,,,HCO,HSO,REF,,,MEMBROS SUPERIORES,SISTEMA MÚSCULO-ESQUELÉTICO E ARTICULAÇÕES,PROCEDIMENTOS CIRÚRGICOS E INVASIVOS
9,OSTEOMIELITE DE ÚMERO - TRATAMENTO INCRUENTO,,,,AMB,HCO,HSO,REF,,,MEMBROS SUPERIORES,SISTEMA MÚSCULO-ESQUELÉTICO E ARTICULAÇÕES,PROCEDIMENTOS CIRÚRGICOS E INVASIVOS
10,OSTEOMIELITE DOS OSSOS DO ANTEBRAÇO - TRATAMENTO CIRÚRGICO,,,,,HCO,HSO,REF,,,MEMBROS SUPERIORES,SISTEMA MÚSCULO-ESQUELÉTICO E ARTICULAÇÕES,PROCEDIMENTOS CIRÚRGICOS E INVASIVOS
11,OSTEOSSÍNTESE DE FRATURA DE FALANGE E METACARPEANA COM OU SEM USO DE MINIPARAFUSO OU FIXADOR EXTERNO,,,,AMB,HCO,HSO,REF,,,MEMBROS SUPERIORES,SISTEMA MÚSCULO-ESQUELÉTICO E ARTICULAÇÕES,PROCEDIMENTOS CIRÚRGICOS E INVASIVOS
12,POLICIZAÇÃO OU TRANSFERÊNCIA DIGITAL,,,,,HCO,HSO,REF,,,MEMBROS SUPERIORES,SISTEMA MÚSCULO-ESQUELÉTICO E ARTICULAÇÕES,PROCEDIMENTOS CIRÚRGICOS E INVASIVOS
13,POLIDACTILIA ARTICULADA - TRATAMENTO CIRÚRGICO,,,,,HCO,HSO,REF,,,MEMBROS SUPERIORES,SISTEMA MÚSCULO-ESQUELÉTICO E ARTICULAÇÕES,PROCEDIMENTOS CIRÚRGICOS E INVASIVOS
14,POLIDACTILIA NÃO ARTICULADA - TRATAMENTO CIRÚRGICO,,,,AMB,HCO,HSO,REF,,,MEMBROS SUPERIORES,SISTEMA MÚSCULO-ESQUELÉTICO E ARTICULAÇÕES,PROCEDIMENTOS CIRÚRGICOS E INVASIVOS
15,PRÓTESE (IMPLANTE) PARA OSSOS DO CARPO,,,,,HCO,HSO,REF,,,MEMBROS SUPERIORES,SISTEMA MÚSCULO-ESQUELÉTICO E ARTICULAÇÕES,PROCEDIMENTOS CIRÚRGICOS E INVASIVOS
16,PSEUDARTROSE DO ESCAFÓIDE - TRATAMENTO CIRÚRGICO,,,,,HCO,HSO,REF,,,MEMBROS SUPERIORES,SISTEMA MÚSCULO-ESQUELÉTICO E ARTICULAÇÕES,PROCEDIMENTOS CIRÚRGICOS E INVASIVOS
17,PSEUDARTROSE DOS OSSOS DA MÃO - TRATAMENTO CIRÚRGICO,,,,,HCO,HSO,REF,,,MEMBROS SUPERIORES,SISTEMA MÚSCULO-ESQUELÉTICO E ARTICULAÇÕES,PROCEDIMENTOS CIRÚRGICOS E INVASIVOS
18,"PSEUDARTROSES, OSTEOTOMIAS, ALONGAMENTOS/ENCURTAMENTOS - TRATAMENTO CIRÚRGICO",,,,,HCO,HSO,REF,,,MEMBROS SUPERIORES,SISTEMA MÚSCULO-ESQUELÉTICO E ARTICULAÇÕES,PROCEDIMENTOS CIRÚRGICOS E INVASIVOS
