,PROCEDIMENTO,RN (alteração),VIGÊNCIA,OD,AMB,HCO,HSO,REF,PAC,DUT,SUBGRUPO,GRUPO,CAPITULO
0,EXÉRESE DE UNHA,,,,AMB,HCO,HSO,REF,,,PROCEDIMENTOS,"PELE E TECIDO CELULAR SUBCUTÂNEO, MUCOSAS E ANEXOS",PROCEDIMENTOS CIRÚRGICOS E INVASIVOS
1,EXÉRESE E SUTURA DE LESÕES COM OU SEM ROTAÇÃO DE RETALHOS,,,,AMB,HCO,HSO,REF,,,PROCEDIMENTOS,"PELE E TECIDO CELULAR SUBCUTÂNEO, MUCOSAS E ANEXOS",PROCEDIMENTOS CIRÚRGICOS E INVASIVOS
2,EXPANSÃO TISSULAR,,,,,HCO,HSO,REF,,,PROCEDIMENTOS,"PELE E TECIDO CELULAR SUBCUTÂNEO, MUCOSAS E ANEXOS",PROCEDIMENTOS CIRÚRGICOS E INVASIVOS
3,"EXTENSOS FERIMENTOS, CICATRIZES OU TUMORES - EXCISÃO E RETALHOS CUTÂNEOS",,,,,HCO,HSO,REF,,,PROCEDIMENTOS,"PELE E TECIDO CELULAR SUBCUTÂNEO, MUCOSAS E ANEXOS",PROCEDIMENTOS CIRÚRGICOS E INVASIVOS
4,"EXTENSOS FERIMENTOS, CICATRIZES OU TUMORES - EXÉRESE E EMPREGO DE RETALHOS CUTÂNEOS OU MUSCULARES CRUZADOS",,,,,HCO,HSO,REF,,,PROCEDIMENTOS,"PELE E TECIDO CELULAR SUBCUTÂNEO, MUCOSAS E ANEXOS",PROCEDIMENTOS CIRÚRGICOS E INVASIVOS
5,"EXTENSOS FERIMENTOS, CICATRIZES OU TUMORES - EXÉRESE E RETALHOS CUTÂNEOS",,,,,HCO,HSO,REF,,,PROCEDIMENTOS,"PELE E TECIDO CELULAR SUBCUTÂNEO, MUCOSAS E ANEXOS",PROCEDIMENTOS CIRÚRGICOS E INVASIVOS
6,"EXTENSOS FERIMENTOS, CICATRIZES OU TUMORES - EXÉRESE E ROTAÇÃO DE RETALHO FASCIOCUTÂNEO OU AXIAL",,,,,HCO,HSO,REF,,,PROCEDIMENTOS,"PELE E TECIDO CELULAR SUBCUTÂNEO, MUCOSAS E ANEXOS",PROCEDIMENTOS CIRÚRGICOS E INVASIVOS
7,"EXTENSOS FERIMENTOS, CICATRIZES OU TUMORES - EXÉRESE E ROTAÇÃO DE RETALHOS MIOCUTÂNEOS",,,,,HCO,HSO,REF,,,PROCEDIMENTOS,"PELE E TECIDO CELULAR SUBCUTÂNEO, MUCOSAS E ANEXOS",PROCEDIMENTOS CIRÚRGICOS E INVASIVOS
8,"EXTENSOS FERIMENTOS, CICATRIZES OU TUMORES - EXÉRESE E ROTAÇÃO DE RETALHOS MUSCULARES",,,,,HCO,HSO,REF,,,PROCEDIMENTOS,"PELE E TECIDO CELULAR SUBCUTÂNEO, MUCOSAS E ANEXOS",PROCEDIMENTOS CIRÚRGICOS E INVASIVOS
9,"EXTENSOS FERIMENTOS, CICATRIZES, OU TUMORES - EXÉRESE E ENXERTO CUTÂNEO",,,,,HCO,HSO,REF,,,PROCEDIMENTOS,"PELE E TECIDO CELULAR SUBCUTÂNEO, MUCOSAS E ANEXOS",PROCEDIMENTOS CIRÚRGICOS E INVASIVOS
10,"INCISÃO E DRENAGEM DE ABSCESSO, HEMATOMA, FLEGMÃO E/OU PANARÍCIO",,,,AMB,HCO,HSO,REF,,,PROCEDIMENTOS,"PELE E TECIDO CELULAR SUBCUTÂNEO, MUCOSAS E ANEXOS",PROCEDIMENTOS CIRÚRGICOS E INVASIVOS
11,"INFILTRAÇÃO INTRALESIONAL, CICATRICIAL E HEMANGIOMAS",,,,AMB,HCO,HSO,REF,,,PROCEDIMENTOS,"PELE E TECIDO CELULAR SUBCUTÂNEO, MUCOSAS E ANEXOS",PROCEDIMENTOS CIRÚRGICOS E INVASIVOS
12,MATRICECTOMIA,,,,AMB,HCO,HSO,REF,,,PROCEDIMENTOS,"PELE E TECIDO CELULAR SUBCUTÂNEO, MUCOSAS E ANEXOS",PROCEDIMENTOS CIRÚRGICOS E INVASIVOS
13,LASERTERAPIA PARA O TRATAMENTO DA MUCOSITE ORAL/OROFARINGE (COM DIRETRIZ DE UTILIZAÇÃO),,,,AMB,HCO,HSO,REF,,51.0,PROCEDIMENTOS,"PELE E TECIDO CELULAR SUBCUTÂNEO, MUCOSAS E ANEXOS",PROCEDIMENTOS CIRÚRGICOS E INVASIVOS
14,PLÁSTICA EM Z OU W,,,,AMB,HCO,HSO,REF,,,PROCEDIMENTOS,"PELE E TECIDO CELULAR SUBCUTÂNEO, MUCOSAS E ANEXOS",PROCEDIMENTOS CIRÚRGICOS E INVASIVOS
15,RECONSTRUÇÃO COM RETALHOS DE GÁLEA APONEURÓTICA,,,,,HCO,HSO,REF,,,PROCEDIMENTOS,"PELE E TECIDO CELULAR SUBCUTÂNEO, MUCOSAS E ANEXOS",PROCEDIMENTOS CIRÚRGICOS E INVASIVOS
16,"RETALHO CUTÂNEO, MUSCULAR OU COMPOSTO (INCLUINDO CARTILAGEM OU OSSO)",,,,,HCO,HSO,REF,,,PROCEDIMENTOS,"PELE E TECIDO CELULAR SUBCUTÂNEO, MUCOSAS E ANEXOS",PROCEDIMENTOS CIRÚRGICOS E INVASIVOS
17,RETIRADA DE CORPO ESTRANHO SUBCUTÂNEO,,,,AMB,HCO,HSO,REF,,,PROCEDIMENTOS,"PELE E TECIDO CELULAR SUBCUTÂNEO, MUCOSAS E ANEXOS",PROCEDIMENTOS CIRÚRGICOS E INVASIVOS
18,RETRAÇÃO CICATRICIAL DE ZONA DE FLEXÃO E EXTENSÃO DE MEMBROS SUPERIORES E INFERIORES,,,,,HCO,HSO,REF,,,PROCEDIMENTOS,"PELE E TECIDO CELULAR SUBCUTÂNEO, MUCOSAS E ANEXOS",PROCEDIMENTOS CIRÚRGICOS E INVASIVOS
