,PROCEDIMENTO,RN (alteração),VIGÊNCIA,OD,AMB,HCO,HSO,REF,PAC,DUT,SUBGRUPO,GRUPO,CAPITULO
0,ARTRODESE / FRATURA DE ACETÁBULO (LIGAMENTOTAXIA) COM OU SEM FIXADOR EXTERNO,,,,,HCO,HSO,REF,,,CINTURA PÉLVICA,SISTEMA MÚSCULO-ESQUELÉTICO E ARTICULAÇÕES,PROCEDIMENTOS CIRÚRGICOS E INVASIVOS
1,ARTRODESE COXO-FEMORAL EM GERAL - TRATAMENTO CIRÚRGICO,,,,,HCO,HSO,REF,,,CINTURA PÉLVICA,SISTEMA MÚSCULO-ESQUELÉTICO E ARTICULAÇÕES,PROCEDIMENTOS CIRÚRGICOS E INVASIVOS
2,ARTRODIASTASE DE QUADRIL,,,,,HCO,HSO,REF,,,CINTURA PÉLVICA,SISTEMA MÚSCULO-ESQUELÉTICO E ARTICULAÇÕES,PROCEDIMENTOS CIRÚRGICOS E INVASIVOS
3,ARTROPLASTIA - TRATAMENTO CIRÚRGICO,,,,,HCO,HSO,REF,,,CINTURA PÉLVICA,SISTEMA MÚSCULO-ESQUELÉTICO E ARTICULAÇÕES,PROCEDIMENTOS CIRÚRGICOS E INVASIVOS
4,ARTROPLASTIA DE QUADRIL INFECTADA (RETIRADA DOS COMPONENTES) - TRATAMENTO CIRÚRGICO,,,,,HCO,HSO,REF,,,CINTURA PÉLVICA,SISTEMA MÚSCULO-ESQUELÉTICO E ARTICULAÇÕES,PROCEDIMENTOS CIRÚRGICOS E INVASIVOS
5,ARTROPLASTIA DE RESSECÇÃO DO QUADRIL (GIRDLESTONE),,,,,HCO,HSO,REF,,,CINTURA PÉLVICA,SISTEMA MÚSCULO-ESQUELÉTICO E ARTICULAÇÕES,PROCEDIMENTOS CIRÚRGICOS E INVASIVOS
6,ARTROPLASTIA PARCIAL DO QUADRIL - TRATAMENTO CIRÚRGICO,,,,,HCO,HSO,REF,,,CINTURA PÉLVICA,SISTEMA MÚSCULO-ESQUELÉTICO E ARTICULAÇÕES,PROCEDIMENTOS CIRÚRGICOS E INVASIVOS
7,ARTROPLASTIA TOTAL DE QUADRIL INFECTADA (INCISÃO E DRENAGEM ARTRITE SÉPTICA) - TRATAMENTO CIRÚRGICO,,,,,HCO,HSO,REF,,,CINTURA PÉLVICA,SISTEMA MÚSCULO-ESQUELÉTICO E ARTICULAÇÕES,PROCEDIMENTOS CIRÚRGICOS E INVASIVOS
8,ARTROTOMIA COXO-FEMORAL - TRATAMENTO CIRÚRGICO,,,,,HCO,HSO,REF,,,CINTURA PÉLVICA,SISTEMA MÚSCULO-ESQUELÉTICO E ARTICULAÇÕES,PROCEDIMENTOS CIRÚRGICOS E INVASIVOS
9,BIÓPSIA CIRÚRGICA COXO-FEMORAL,,,,,HCO,HSO,REF,,,CINTURA PÉLVICA,SISTEMA MÚSCULO-ESQUELÉTICO E ARTICULAÇÕES,PROCEDIMENTOS CIRÚRGICOS E INVASIVOS
10,BIÓPSIA CIRÚRGICA DA CINTURA PÉLVICA,,,,,HCO,HSO,REF,,,CINTURA PÉLVICA,SISTEMA MÚSCULO-ESQUELÉTICO E ARTICULAÇÕES,PROCEDIMENTOS CIRÚRGICOS E INVASIVOS
11,DESARTICULAÇÃO COXO-FEMORAL - TRATAMENTO CIRÚRGICO,,,,,HCO,HSO,REF,,,CINTURA PÉLVICA,SISTEMA MÚSCULO-ESQUELÉTICO E ARTICULAÇÕES,PROCEDIMENTOS CIRÚRGICOS E INVASIVOS
12,DESARTICULAÇÃO INTERÍLIO ABDOMINAL - TRATAMENTO CIRÚRGICO,,,,,HCO,HSO,REF,,,CINTURA PÉLVICA,SISTEMA MÚSCULO-ESQUELÉTICO E ARTICULAÇÕES,PROCEDIMENTOS CIRÚRGICOS E INVASIVOS
13,EPIFISIODESE C/ ABAIXAMENTO DO GRANDE TROCANTER,,,,,HCO,HSO,REF,,,CINTURA PÉLVICA,SISTEMA MÚSCULO-ESQUELÉTICO E ARTICULAÇÕES,PROCEDIMENTOS CIRÚRGICOS E INVASIVOS
14,"EPIFISIOLISTESE PROXIMAL DE FÊMUR (FIXAÇÃO ""IN SITU"")",,,,,HCO,HSO,REF,,,CINTURA PÉLVICA,SISTEMA MÚSCULO-ESQUELÉTICO E ARTICULAÇÕES,PROCEDIMENTOS CIRÚRGICOS E INVASIVOS
15,FRATURA DE ACETÁBULO - REDUÇÃO INCRUENTA,,,,AMB,HCO,HSO,REF,,,CINTURA PÉLVICA,SISTEMA MÚSCULO-ESQUELÉTICO E ARTICULAÇÕES,PROCEDIMENTOS CIRÚRGICOS E INVASIVOS
16,FRATURA DE ACETÁBULO (COM UMA OU MAIS ABORDAGENS) - TRATAMENTO CIRÚRGICO,,,,,HCO,HSO,REF,,,CINTURA PÉLVICA,SISTEMA MÚSCULO-ESQUELÉTICO E ARTICULAÇÕES,PROCEDIMENTOS CIRÚRGICOS E INVASIVOS
17,FRATURA E/OU LUXAÇÃO E/OU AVULSÃO COXO-FEMORAL - REDUÇÃO INCRUENTA,,,,,HCO,HSO,REF,,,CINTURA PÉLVICA,SISTEMA MÚSCULO-ESQUELÉTICO E ARTICULAÇÕES,PROCEDIMENTOS CIRÚRGICOS E INVASIVOS
18,FRATURA E/OU LUXAÇÃO E/OU AVULSÃO COXO-FEMORAL - TRATAMENTO CIRÚRGICO,,,,,HCO,HSO,REF,,,CINTURA PÉLVICA,SISTEMA MÚSCULO-ESQUELÉTICO E ARTICULAÇÕES,PROCEDIMENTOS CIRÚRGICOS E INVASIVOS
