,PROCEDIMENTO,RN (alteração),VIGÊNCIA,OD,AMB,HCO,HSO,REF,PAC,DUT,SUBGRUPO,GRUPO,CAPITULO
0,REMOÇÃO DE DENTES SEMI-INCLUSOS / IMPACTADOS,,,OD,,,,,,,BOCA,CABEÇA E PESCOÇO,PROCEDIMENTOS CIRÚRGICOS E INVASIVOS
1,REMOÇÃO DE DRENO EXTRA-ORAL,,,OD,,,,,,,BOCA,CABEÇA E PESCOÇO,PROCEDIMENTOS CIRÚRGICOS E INVASIVOS
2,REMOÇÃO DE DRENO INTRA-ORAL,,,OD,,,,,,,BOCA,CABEÇA E PESCOÇO,PROCEDIMENTOS CIRÚRGICOS E INVASIVOS
3,REMOÇÃO DOS FATORES DE RETENÇÃO DE BIOFILME DENTAL (PLACA BACTERIANA),,,OD,,,,,,,BOCA,CABEÇA E PESCOÇO,PROCEDIMENTOS CIRÚRGICOS E INVASIVOS
4,REMOÇÃO DE NÚCLEO INTRACANAL,,,OD,,,,,,,BOCA,CABEÇA E PESCOÇO,PROCEDIMENTOS CIRÚRGICOS E INVASIVOS
5,REMOÇÃO DE PEÇA/TRABALHO PROTÉTICO,,,OD,,,,,,,BOCA,CABEÇA E PESCOÇO,PROCEDIMENTOS CIRÚRGICOS E INVASIVOS
6,RESTAURAÇÃO EM AMÁLGAMA,,,OD,,,,,,,BOCA,CABEÇA E PESCOÇO,PROCEDIMENTOS CIRÚRGICOS E INVASIVOS
7,RESTAURAÇÃO EM IONÔMERO DE VIDRO,,,OD,,,,,,,BOCA,CABEÇA E PESCOÇO,PROCEDIMENTOS CIRÚRGICOS E INVASIVOS
8,RESTAURAÇÃO EM RESINA FOTOPOLIMERIZÁVEL,,,OD,,,,,,,BOCA,CABEÇA E PESCOÇO,PROCEDIMENTOS CIRÚRGICOS E INVASIVOS
9,RESTAURAÇÃO TEMPORÁRIA / TRATAMENTO EXPECTANTE,,,OD,,,,,,,BOCA,CABEÇA E PESCOÇO,PROCEDIMENTOS CIRÚRGICOS E INVASIVOS
10,RETRATAMENTO ENDODÔNTICO BIRRADICULAR EM DENTES PERMANENTES,,,OD,,,,,,,BOCA,CABEÇA E PESCOÇO,PROCEDIMENTOS CIRÚRGICOS E INVASIVOS
11,RETRATAMENTO ENDODÔNTICO MULTIRRADICULAR EM DENTES PERMANENTES,,,OD,,,,,,,BOCA,CABEÇA E PESCOÇO,PROCEDIMENTOS CIRÚRGICOS E INVASIVOS
12,RETRATAMENTO ENDODÔNTICO UNIRRADICULAR EM DENTES PERMANENTES,,,OD,,,,,,,BOCA,CABEÇA E PESCOÇO,PROCEDIMENTOS CIRÚRGICOS E INVASIVOS
13,TRATAMENTO CIRÚRGICO DA MACROSTOMIA,,,,,HCO,HSO,REF,,,BOCA,CABEÇA E PESCOÇO,PROCEDIMENTOS CIRÚRGICOS E INVASIVOS
14,TRATAMENTO CIRÚRGICO DA MICROSTOMIA,,,,,HCO,HSO,REF,,,BOCA,CABEÇA E PESCOÇO,PROCEDIMENTOS CIRÚRGICOS E INVASIVOS
15,TRATAMENTO CIRÚRGICO DE FÍSTULA OROFACIAL,,,,,HCO,HSO,REF,,,BOCA,CABEÇA E PESCOÇO,PROCEDIMENTOS CIRÚRGICOS E INVASIVOS
16,TRATAMENTO CIRÚRGICO DAS FÍSTULAS BUCO NASAL (COM DIRETRIZ DE UTILIZAÇÃO),,,OD,AMB,HCO,HSO,REF,,98.0,BOCA,CABEÇA E PESCOÇO,PROCEDIMENTOS CIRÚRGICOS E INVASIVOS
17,TRATAMENTO CIRÚRGICO DAS FÍSTULAS BUCO SINUSAL (COM DIRETRIZ DE UTILIZAÇÃO),,,OD,AMB,HCO,HSO,REF,,98.0,BOCA,CABEÇA E PESCOÇO,PROCEDIMENTOS CIRÚRGICOS E INVASIVOS
18,EXÉRESE DE LIPOMA NA REGIÃO BUCO-MAXILO-FACIAL,,,OD,AMB,HCO,HSO,REF,,,BOCA,CABEÇA E PESCOÇO,PROCEDIMENTOS CIRÚRGICOS E INVASIVOS
