,PROCEDIMENTO,RN (alteração),VIGÊNCIA,OD,AMB,HCO,HSO,REF,PAC,DUT,SUBGRUPO,GRUPO,CAPITULO
0,TUMOR INTRANASAL - EXÉRESE POR VIA TRANSNASAL,,,,AMB,HCO,HSO,REF,,,NARIZ,NARIZ E SEIOS PARANASAIS,PROCEDIMENTOS CIRÚRGICOS E INVASIVOS
1,TURBINECTOMIA OU TURBINOPLASTIA,,,,,HCO,HSO,REF,,,NARIZ,NARIZ E SEIOS PARANASAIS,PROCEDIMENTOS CIRÚRGICOS E INVASIVOS
2,ANTROSTOMIA MAXILAR INTRANASAL,,,,,HCO,HSO,REF,,,SEIOS PARANASAIS,NARIZ E SEIOS PARANASAIS,PROCEDIMENTOS CIRÚRGICOS E INVASIVOS
3,"ANTROSTOMIA MAXILAR, ETMOIDECTOMIA (ABERTURA DE TODAS AS CAVIDADES PARANASAIS)",,,,,HCO,HSO,REF,,,SEIOS PARANASAIS,NARIZ E SEIOS PARANASAIS,PROCEDIMENTOS CIRÚRGICOS E INVASIVOS
4,ARTÉRIA MAXILAR INTERNA - LIGADURA TRANSMAXILAR,,,,,HCO,HSO,REF,,,SEIOS PARANASAIS,NARIZ E SEIOS PARANASAIS,PROCEDIMENTOS CIRÚRGICOS E INVASIVOS
5,BIOPSIA - SEIOS PARANASAIS,,,,AMB,HCO,HSO,REF,,,SEIOS PARANASAIS,NARIZ E SEIOS PARANASAIS,PROCEDIMENTOS CIRÚRGICOS E INVASIVOS
6,DESCOMPRESSÃO TRANSETMOIDAL DO CANAL ÓPTICO,,,,,HCO,HSO,REF,,,SEIOS PARANASAIS,NARIZ E SEIOS PARANASAIS,PROCEDIMENTOS CIRÚRGICOS E INVASIVOS
7,ETMOIDECTOMIA EXTERNA OU INTRANASAL,,,,,HCO,HSO,REF,,,SEIOS PARANASAIS,NARIZ E SEIOS PARANASAIS,PROCEDIMENTOS CIRÚRGICOS E INVASIVOS
8,ETMOIDECTOMIA INTRANASAL POR VIDEOENDOSCOPIA,,,,,HCO,HSO,REF,,,SEIOS PARANASAIS,NARIZ E SEIOS PARANASAIS,PROCEDIMENTOS CIRÚRGICOS E INVASIVOS
9,EXÉRESE - PÓLIPO,,,,AMB,HCO,HSO,REF,,,SEIOS PARANASAIS,NARIZ E SEIOS PARANASAIS,PROCEDIMENTOS CIRÚRGICOS E INVASIVOS
10,EXÉRESE DE CISTO NASO-ALVEOLAR E GLOBULAR,,,,,HCO,HSO,REF,,,SEIOS PARANASAIS,NARIZ E SEIOS PARANASAIS,PROCEDIMENTOS CIRÚRGICOS E INVASIVOS
11,EXÉRESE DE TUMOR COM ABORDAGEM CRANIOFACIAL ONCOLÓGICA (TEMPO FACIAL),,,,,HCO,HSO,REF,,,SEIOS PARANASAIS,NARIZ E SEIOS PARANASAIS,PROCEDIMENTOS CIRÚRGICOS E INVASIVOS
12,EXÉRESE DE TUMOR DE SEIOS PARANASAIS POR VIA ENDOSCOPICA,,,,,HCO,HSO,REF,,,SEIOS PARANASAIS,NARIZ E SEIOS PARANASAIS,PROCEDIMENTOS CIRÚRGICOS E INVASIVOS
13,MAXILECTOMIA COM OU SEM EXENTERAÇÃO DE ÓRBITA,,,,,HCO,HSO,REF,,,SEIOS PARANASAIS,NARIZ E SEIOS PARANASAIS,PROCEDIMENTOS CIRÚRGICOS E INVASIVOS
14,PUNÇÃO MAXILAR TRANSMEÁTICA OU VIA FOSSA CANINA,,,,AMB,HCO,HSO,REF,,,SEIOS PARANASAIS,NARIZ E SEIOS PARANASAIS,PROCEDIMENTOS CIRÚRGICOS E INVASIVOS
15,RESSECÇÃO DE ANGIOFIBROMA,,,,,HCO,HSO,REF,,,SEIOS PARANASAIS,NARIZ E SEIOS PARANASAIS,PROCEDIMENTOS CIRÚRGICOS E INVASIVOS
16,RESSECÇÃO DE TUMOR BENIGNO,,,,,HCO,HSO,REF,,,SEIOS PARANASAIS,NARIZ E SEIOS PARANASAIS,PROCEDIMENTOS CIRÚRGICOS E INVASIVOS
17,RESSECÇÃO DO MAXILAR SUPERIOR E RECONSTRUÇÃO À CUSTA DE RETALHOS,,,,,HCO,HSO,REF,,,SEIOS PARANASAIS,NARIZ E SEIOS PARANASAIS,PROCEDIMENTOS CIRÚRGICOS E INVASIVOS
18,RESSECÇÃO DO MESO E INFRA-ESTRUTURA DO MAXILAR SUPERIOR,,,,,HCO,HSO,REF,,,SEIOS PARANASAIS,NARIZ E SEIOS PARANASAIS,PROCEDIMENTOS CIRÚRGICOS E INVASIVOS
