,PROCEDIMENTO,RN (alteração),VIGÊNCIA,OD,AMB,HCO,HSO,REF,PAC,DUT,SUBGRUPO,GRUPO,CAPITULO
0,EXÉRESE DE LESÃO DA MAMA POR MARCAÇÃO ESTEREOTÁXICA OU ROLL,,,,,HCO,HSO,REF,,,MAMAS,PAREDE TORÁCICA,PROCEDIMENTOS CIRÚRGICOS E INVASIVOS
1,EXÉRESE DE MAMA SUPRA-NUMERÁRIA,,,,,HCO,HSO,REF,,,MAMAS,PAREDE TORÁCICA,PROCEDIMENTOS CIRÚRGICOS E INVASIVOS
2,EXÉRESE DE NÓDULO,,,,,HCO,HSO,REF,,,MAMAS,PAREDE TORÁCICA,PROCEDIMENTOS CIRÚRGICOS E INVASIVOS
3,FISTULECTOMIA DE MAMA,,,,,HCO,HSO,REF,,,MAMAS,PAREDE TORÁCICA,PROCEDIMENTOS CIRÚRGICOS E INVASIVOS
4,LINFADENECTOMIA AXILAR,,,,,HCO,HSO,REF,,,MAMAS,PAREDE TORÁCICA,PROCEDIMENTOS CIRÚRGICOS E INVASIVOS
5,"MARCAÇÃO PRÉ-CIRÚRGICA POR ESTEREOTAXIA, ORIENTADA POR MAMOGRAFIA, ULTRASSONOGRAFIA, TOMOGRAFIA COMPUTADORIZADA OU RESSONÂNCIA MAGNÉTICA",,,,AMB,HCO,HSO,REF,PAC,,MAMAS,PAREDE TORÁCICA,PROCEDIMENTOS CIRÚRGICOS E INVASIVOS
6,MASTECTOMIA,,,,,HCO,HSO,REF,,,MAMAS,PAREDE TORÁCICA,PROCEDIMENTOS CIRÚRGICOS E INVASIVOS
7,MASTOPLASTIA EM MAMA OPOSTA APÓS RECONSTRUÇÃO DA CONTRALATERAL EM CASOS DE LESÕES TRAUMÁTICAS E TUMORES,,,,,HCO,HSO,REF,,,MAMAS,PAREDE TORÁCICA,PROCEDIMENTOS CIRÚRGICOS E INVASIVOS
8,PUNÇÃO DE CISTO,,,,AMB,HCO,HSO,REF,,,MAMAS,PAREDE TORÁCICA,PROCEDIMENTOS CIRÚRGICOS E INVASIVOS
9,PUNÇÃO OU BIÓPSIA PERCUTÂNEA DE AGULHA FINA,,,,AMB,HCO,HSO,REF,,,MAMAS,PAREDE TORÁCICA,PROCEDIMENTOS CIRÚRGICOS E INVASIVOS
10,QUADRANTECTOMIA COM OU SEM LINFADENECTOMIA AXILAR,,,,,HCO,HSO,REF,,,MAMAS,PAREDE TORÁCICA,PROCEDIMENTOS CIRÚRGICOS E INVASIVOS
11,RECONSTRUÇÃO DA MAMA COM PRÓTESE E/OU EXPANSOR EM CASOS DE LESÕES TRAUMÁTICAS E TUMORES,,,,,HCO,HSO,REF,,,MAMAS,PAREDE TORÁCICA,PROCEDIMENTOS CIRÚRGICOS E INVASIVOS
12,RECONSTRUÇÃO DA PLACA ARÉOLO MAMILAR,,,,,HCO,HSO,REF,,,MAMAS,PAREDE TORÁCICA,PROCEDIMENTOS CIRÚRGICOS E INVASIVOS
13,RECONSTRUÇÃO MAMÁRIA COM RETALHOS MUSCULARES E/OU CUTÂNEOS EM CASOS DE LESÕES TRAUMÁTICAS E TUMORES,,,,,HCO,HSO,REF,,,MAMAS,PAREDE TORÁCICA,PROCEDIMENTOS CIRÚRGICOS E INVASIVOS
14,RECONSTRUÇÃO PARCIAL DA MAMA PÓS-QUADRANTECTOMIA EM CASOS DE LESÕES TRAUMÁTICAS E TUMORES,,,,,HCO,HSO,REF,,,MAMAS,PAREDE TORÁCICA,PROCEDIMENTOS CIRÚRGICOS E INVASIVOS
15,RESSECÇÃO DO LINFONODO SENTINELA,,,,,HCO,HSO,REF,,,MAMAS,PAREDE TORÁCICA,PROCEDIMENTOS CIRÚRGICOS E INVASIVOS
16,RESSECÇÃO DOS DUCTOS PRINCIPAIS DA MAMA,,,,,HCO,HSO,REF,,,MAMAS,PAREDE TORÁCICA,PROCEDIMENTOS CIRÚRGICOS E INVASIVOS
17,RETIRADA DA VÁLVULA APÓS COLOCAÇÃO DE EXPANSOR PERMANENTE,,,,,HCO,HSO,REF,,,MAMAS,PAREDE TORÁCICA,PROCEDIMENTOS CIRÚRGICOS E INVASIVOS
18,SUBSTITUIÇÃO DE PRÓTESE EM CASO DE LESÕES TRAUMÁTICAS E TUMORES,,,,,HCO,HSO,REF,,,MAMAS,PAREDE TORÁCICA,PROCEDIMENTOS CIRÚRGICOS E INVASIVOS
