,PROCEDIMENTO,RN (alteração),VIGÊNCIA,OD,AMB,HCO,HSO,REF,PAC,DUT,SUBGRUPO,GRUPO,CAPITULO
0,LINFADENECTOMIA MEDIASTINAL POR VÍDEO,,,,,HCO,HSO,REF,,,MEDIASTINO,SISTEMA RESPIRATÓRIO E MEDIASTINO,PROCEDIMENTOS CIRÚRGICOS E INVASIVOS
1,LINFADENECTOMIA MEDIASTINAL,,,,,HCO,HSO,REF,,,MEDIASTINO,SISTEMA RESPIRATÓRIO E MEDIASTINO,PROCEDIMENTOS CIRÚRGICOS E INVASIVOS
2,MEDIASTINOSCOPIA,,,,,HCO,HSO,REF,,,MEDIASTINO,SISTEMA RESPIRATÓRIO E MEDIASTINO,PROCEDIMENTOS CIRÚRGICOS E INVASIVOS
3,MEDIASTINOSCOPIA POR VÍDEO,,,,,HCO,HSO,REF,,,MEDIASTINO,SISTEMA RESPIRATÓRIO E MEDIASTINO,PROCEDIMENTOS CIRÚRGICOS E INVASIVOS
4,MEDIASTINOTOMIA,,,,,HCO,HSO,REF,,,MEDIASTINO,SISTEMA RESPIRATÓRIO E MEDIASTINO,PROCEDIMENTOS CIRÚRGICOS E INVASIVOS
5,MEDIASTINOTOMIA POR VÍDEO,,,,,HCO,HSO,REF,,,MEDIASTINO,SISTEMA RESPIRATÓRIO E MEDIASTINO,PROCEDIMENTOS CIRÚRGICOS E INVASIVOS
6,PERICARDIOTOMIA COM ABERTURA PLEURO-PERICÁRDICA,,,,,HCO,HSO,REF,,,MEDIASTINO,SISTEMA RESPIRATÓRIO E MEDIASTINO,PROCEDIMENTOS CIRÚRGICOS E INVASIVOS
7,PERICARDIOTOMIA COM ABERTURA PLEURO-PERICÁRDICA POR VÍDEO,,,,,HCO,HSO,REF,,,MEDIASTINO,SISTEMA RESPIRATÓRIO E MEDIASTINO,PROCEDIMENTOS CIRÚRGICOS E INVASIVOS
8,RESSECÇÃO DE BÓCIO INTRATORÁCICO,,,,,HCO,HSO,REF,,,MEDIASTINO,SISTEMA RESPIRATÓRIO E MEDIASTINO,PROCEDIMENTOS CIRÚRGICOS E INVASIVOS
9,RESSECÇÃO DE TUMOR DE MEDIASTINO,,,,,HCO,HSO,REF,,,MEDIASTINO,SISTEMA RESPIRATÓRIO E MEDIASTINO,PROCEDIMENTOS CIRÚRGICOS E INVASIVOS
10,RESSECÇÃO DE TUMOR DE MEDIASTINO POR VÍDEO,,,,,HCO,HSO,REF,,,MEDIASTINO,SISTEMA RESPIRATÓRIO E MEDIASTINO,PROCEDIMENTOS CIRÚRGICOS E INVASIVOS
11,RETIRADA DE CORPO ESTRANHO DO MEDIASTINO,,,,,HCO,HSO,REF,,,MEDIASTINO,SISTEMA RESPIRATÓRIO E MEDIASTINO,PROCEDIMENTOS CIRÚRGICOS E INVASIVOS
12,TIMECTOMIA,,,,,HCO,HSO,REF,,,MEDIASTINO,SISTEMA RESPIRATÓRIO E MEDIASTINO,PROCEDIMENTOS CIRÚRGICOS E INVASIVOS
13,TIMECTOMIA POR VÍDEO,,,,,HCO,HSO,REF,,,MEDIASTINO,SISTEMA RESPIRATÓRIO E MEDIASTINO,PROCEDIMENTOS CIRÚRGICOS E INVASIVOS
14,TRATAMENTO DA MEDIASTINITE,,,,,HCO,HSO,REF,,,MEDIASTINO,SISTEMA RESPIRATÓRIO E MEDIASTINO,PROCEDIMENTOS CIRÚRGICOS E INVASIVOS
15,VAGOTOMIA TRONCULAR TERAPÊUTICA POR TORACOTOMIA,,,,,HCO,HSO,REF,,,MEDIASTINO,SISTEMA RESPIRATÓRIO E MEDIASTINO,PROCEDIMENTOS CIRÚRGICOS E INVASIVOS
16,ABSCESSO SUBFRÊNICO - TRATAMENTO CIRÚRGICO,,,,,HCO,HSO,REF,,,DIAFRAGMA,SISTEMA RESPIRATÓRIO E MEDIASTINO,PROCEDIMENTOS CIRÚRGICOS E INVASIVOS
17,EVENTRAÇÃO DIAFRAGMÁTICA - TRATAMENTO CIRÚRGICO,,,,,HCO,HSO,REF,,,DIAFRAGMA,SISTEMA RESPIRATÓRIO E MEDIASTINO,PROCEDIMENTOS CIRÚRGICOS E INVASIVOS
18,HÉRNIA DIAFRAGMÁTICA - TRATAMENTO CIRÚRGICO,,,,,HCO,HSO,REF,,,DIAFRAGMA,SISTEMA RESPIRATÓRIO E MEDIASTINO,PROCEDIMENTOS CIRÚRGICOS E INVASIVOS
