,PROCEDIMENTO,RN (alteração),VIGÊNCIA,OD,AMB,HCO,HSO,REF,PAC,DUT,SUBGRUPO,GRUPO,CAPITULO
0,TRATAMENTO CIRÚRGICO DA OSTEOMIELITE DE CRÂNIO,,,,,HCO,HSO,REF,,,CRÂNIO,CABEÇA E PESCOÇO,PROCEDIMENTOS CIRÚRGICOS E INVASIVOS
1,ABSCESSO DE PÁLPEBRA - DRENAGEM,,,,AMB,,,REF,,,PÁLPEBRA,OLHOS,PROCEDIMENTOS CIRÚRGICOS E INVASIVOS
2,BIÓPSIA DE PÁLPEBRA,,,,AMB,,,REF,,,PÁLPEBRA,OLHOS,PROCEDIMENTOS CIRÚRGICOS E INVASIVOS
3,BLEFARORRAFIA,,,,AMB,,,REF,,,PÁLPEBRA,OLHOS,PROCEDIMENTOS CIRÚRGICOS E INVASIVOS
4,CALÁZIO - TRATAMENTO CIRÚRGICO,,,,AMB,,,REF,,,PÁLPEBRA,OLHOS,PROCEDIMENTOS CIRÚRGICOS E INVASIVOS
5,CANTOPLASTIA,,,,AMB,HCO,HSO,REF,,,PÁLPEBRA,OLHOS,PROCEDIMENTOS CIRÚRGICOS E INVASIVOS
6,COLOBOMA - CORREÇÃO CIRÚRGICA (COM DIRETRIZ DE UTILIZAÇÃO),,,,AMB,HCO,HSO,REF,,15.0,PÁLPEBRA,OLHOS,PROCEDIMENTOS CIRÚRGICOS E INVASIVOS
7,CORREÇÃO CIRÚRGICA DE ECTRÓPIO OU ENTRÓPIO,,,,AMB,HCO,HSO,REF,,,PÁLPEBRA,OLHOS,PROCEDIMENTOS CIRÚRGICOS E INVASIVOS
8,EPICANTO - CORREÇÃO CIRÚRGICA,,,,AMB,HCO,HSO,REF,,,PÁLPEBRA,OLHOS,PROCEDIMENTOS CIRÚRGICOS E INVASIVOS
9,EPILAÇÃO DE CÍLIOS POR ELETRÓLISE,,,,AMB,HCO,HSO,REF,,,PÁLPEBRA,OLHOS,PROCEDIMENTOS CIRÚRGICOS E INVASIVOS
10,FISSURA PALPEBRAL - CORREÇÃO CIRÚRGICA,,,,AMB,HCO,HSO,REF,,,PÁLPEBRA,OLHOS,PROCEDIMENTOS CIRÚRGICOS E INVASIVOS
11,LAGOFTALMO - CORREÇÃO CIRÚRGICA,,,,AMB,HCO,HSO,REF,,,PÁLPEBRA,OLHOS,PROCEDIMENTOS CIRÚRGICOS E INVASIVOS
12,PÁLPEBRA - RECONSTRUÇÃO PARCIAL COM OU SEM RESSECÇÃO DE TUMOR,,,,,HCO,HSO,REF,,,PÁLPEBRA,OLHOS,PROCEDIMENTOS CIRÚRGICOS E INVASIVOS
13,PÁLPEBRA - RECONSTRUÇÃO TOTAL COM OU SEM RESSECÇÃO DE TUMOR,,,,,HCO,HSO,REF,,,PÁLPEBRA,OLHOS,PROCEDIMENTOS CIRÚRGICOS E INVASIVOS
14,PTOSE PALPEBRAL - CORREÇÃO CIRÚRGICA,,,,,HCO,HSO,REF,,,PÁLPEBRA,OLHOS,PROCEDIMENTOS CIRÚRGICOS E INVASIVOS
15,RESSECÇÃO DE TUMORES PALPEBRAIS,,,,AMB,HCO,HSO,REF,,,PÁLPEBRA,OLHOS,PROCEDIMENTOS CIRÚRGICOS E INVASIVOS
16,RETRAÇÃO PALPEBRAL - CORREÇÃO CIRÚRGICA,,,,AMB,HCO,HSO,REF,,,PÁLPEBRA,OLHOS,PROCEDIMENTOS CIRÚRGICOS E INVASIVOS
17,SIMBLÉFARO COM OU SEM ENXERTO - CORREÇÃO CIRÚRGICA,,,,,HCO,HSO,REF,,,PÁLPEBRA,OLHOS,PROCEDIMENTOS CIRÚRGICOS E INVASIVOS
18,SUPERCÍLIO - RECONSTRUÇÃO,,,,,HCO,HSO,REF,,,PÁLPEBRA,OLHOS,PROCEDIMENTOS CIRÚRGICOS E INVASIVOS
