,PROCEDIMENTO,RN (alteração),VIGÊNCIA,OD,AMB,HCO,HSO,REF,PAC,DUT,SUBGRUPO,GRUPO,CAPITULO
0,TEMPO DE TROMBOPLASTINA PARCIAL ATIVADA,,,,AMB,HCO,HSO,REF,,,HEMATOLOGIA LABORATORIAL,PROCEDIMENTOS LABORATORIAIS,PROCEDIMENTOS DIAGNÓSTICOS E TERAPÊUTICOS
1,TESTE DE HAM (HEMÓLISE ÁCIDA),,,,AMB,HCO,HSO,REF,,,HEMATOLOGIA LABORATORIAL,PROCEDIMENTOS LABORATORIAIS,PROCEDIMENTOS DIAGNÓSTICOS E TERAPÊUTICOS
2,TROMBOELASTOGRAMA,,,,AMB,HCO,HSO,REF,,,HEMATOLOGIA LABORATORIAL,PROCEDIMENTOS LABORATORIAIS,PROCEDIMENTOS DIAGNÓSTICOS E TERAPÊUTICOS
3,"1,25-DIIDROXIVITAMINA D3",,,,AMB,HCO,HSO,REF,,,ENDOCRINOLOGIA LABORATORIAL,PROCEDIMENTOS LABORATORIAIS,PROCEDIMENTOS DIAGNÓSTICOS E TERAPÊUTICOS
4,11-DESOXICORTICOSTERONA,,,,AMB,HCO,HSO,REF,,,ENDOCRINOLOGIA LABORATORIAL,PROCEDIMENTOS LABORATORIAIS,PROCEDIMENTOS DIAGNÓSTICOS E TERAPÊUTICOS
5,17-ALFA-HIDROXIPROGESTERONA,,,,AMB,HCO,HSO,REF,,,ENDOCRINOLOGIA LABORATORIAL,PROCEDIMENTOS LABORATORIAIS,PROCEDIMENTOS DIAGNÓSTICOS E TERAPÊUTICOS
6,17-CETOSTERÓIDES TOTAIS (17-CTS),,,,AMB,HCO,HSO,REF,,,ENDOCRINOLOGIA LABORATORIAL,PROCEDIMENTOS LABORATORIAIS,PROCEDIMENTOS DIAGNÓSTICOS E TERAPÊUTICOS
7,"17-CETOSTERÓIDES, FRACIONAMENTO",,,,AMB,HCO,HSO,REF,,,ENDOCRINOLOGIA LABORATORIAL,PROCEDIMENTOS LABORATORIAIS,PROCEDIMENTOS DIAGNÓSTICOS E TERAPÊUTICOS
8,17-HIDROXICORTICOSTERÓIDES (17-OHS),,,,AMB,HCO,HSO,REF,,,ENDOCRINOLOGIA LABORATORIAL,PROCEDIMENTOS LABORATORIAIS,PROCEDIMENTOS DIAGNÓSTICOS E TERAPÊUTICOS
9,17-HIDROXIPREGNENOLONA,,,,AMB,HCO,HSO,REF,,,ENDOCRINOLOGIA LABORATORIAL,PROCEDIMENTOS LABORATORIAIS,PROCEDIMENTOS DIAGNÓSTICOS E TERAPÊUTICOS
10,3 ALFA-ANDROSTANEDIOL GLICURONÍDEO,,,,AMB,HCO,HSO,REF,,,ENDOCRINOLOGIA LABORATORIAL,PROCEDIMENTOS LABORATORIAIS,PROCEDIMENTOS DIAGNÓSTICOS E TERAPÊUTICOS
11,ÁCIDO 5-HIDROXINDOLACÉTICO,,,,AMB,HCO,HSO,REF,,,ENDOCRINOLOGIA LABORATORIAL,PROCEDIMENTOS LABORATORIAIS,PROCEDIMENTOS DIAGNÓSTICOS E TERAPÊUTICOS
12,ÁCIDO HOMOVANÍLICO,,,,AMB,HCO,HSO,REF,,,ENDOCRINOLOGIA LABORATORIAL,PROCEDIMENTOS LABORATORIAIS,PROCEDIMENTOS DIAGNÓSTICOS E TERAPÊUTICOS
13,ÁCIDO VANILMANDÉLICO (VMA),,,,AMB,HCO,HSO,REF,,,ENDOCRINOLOGIA LABORATORIAL,PROCEDIMENTOS LABORATORIAIS,PROCEDIMENTOS DIAGNÓSTICOS E TERAPÊUTICOS
14,ALDOSTERONA,,,,AMB,HCO,HSO,REF,,,ENDOCRINOLOGIA LABORATORIAL,PROCEDIMENTOS LABORATORIAIS,PROCEDIMENTOS DIAGNÓSTICOS E TERAPÊUTICOS
15,AMP CÍCLICO,,,,AMB,HCO,HSO,REF,,,ENDOCRINOLOGIA LABORATORIAL,PROCEDIMENTOS LABORATORIAIS,PROCEDIMENTOS DIAGNÓSTICOS E TERAPÊUTICOS
16,ANDROSTENEDIONA,,,,AMB,HCO,HSO,REF,,,ENDOCRINOLOGIA LABORATORIAL,PROCEDIMENTOS LABORATORIAIS,PROCEDIMENTOS DIAGNÓSTICOS E TERAPÊUTICOS
17,CALCITONINA,,,,AMB,HCO,HSO,REF,,,ENDOCRINOLOGIA LABORATORIAL,PROCEDIMENTOS LABORATORIAIS,PROCEDIMENTOS DIAGNÓSTICOS E TERAPÊUTICOS
18,COMPOSTO S (11 - DESOXICORTISOL),,,,AMB,HCO,HSO,REF,,,ENDOCRINOLOGIA LABORATORIAL,PROCEDIMENTOS LABORATORIAIS,PROCEDIMENTOS DIAGNÓSTICOS E TERAPÊUTICOS
