,PROCEDIMENTO,RN (alteração),VIGÊNCIA,OD,AMB,HCO,HSO,REF,PAC,DUT,SUBGRUPO,GRUPO,CAPITULO
0,AMPUTAÇÃO DO RETO POR PROCIDÊNCIA,,,,,HCO,HSO,REF,,,INTESTINOS,SISTEMA DIGESTIVO E ANEXOS,PROCEDIMENTOS CIRÚRGICOS E INVASIVOS
1,ANOMALIA ANORRETAL - TRATAMENTO CIRÚRGICO,,,,,HCO,HSO,REF,,,INTESTINOS,SISTEMA DIGESTIVO E ANEXOS,PROCEDIMENTOS CIRÚRGICOS E INVASIVOS
2,ANORRETOMIOMECTOMIA,,,,,HCO,HSO,REF,,,INTESTINOS,SISTEMA DIGESTIVO E ANEXOS,PROCEDIMENTOS CIRÚRGICOS E INVASIVOS
3,APENDICECTOMIA,,,,,HCO,HSO,REF,,,INTESTINOS,SISTEMA DIGESTIVO E ANEXOS,PROCEDIMENTOS CIRÚRGICOS E INVASIVOS
4,APENDICECTOMIA POR VIDEOLAPAROSCOPIA,,,,,HCO,HSO,REF,,,INTESTINOS,SISTEMA DIGESTIVO E ANEXOS,PROCEDIMENTOS CIRÚRGICOS E INVASIVOS
5,APPLE-PEEL - TRATAMENTO CIRÚRGICO,,,,,HCO,HSO,REF,,,INTESTINOS,SISTEMA DIGESTIVO E ANEXOS,PROCEDIMENTOS CIRÚRGICOS E INVASIVOS
6,ATRESIA INTESTINAL - TRATAMENTO CIRÚRGICO,,,,,HCO,HSO,REF,,,INTESTINOS,SISTEMA DIGESTIVO E ANEXOS,PROCEDIMENTOS CIRÚRGICOS E INVASIVOS
7,CIRURGIA DE ABAIXAMENTO,,,,,HCO,HSO,REF,,,INTESTINOS,SISTEMA DIGESTIVO E ANEXOS,PROCEDIMENTOS CIRÚRGICOS E INVASIVOS
8,CIRURGIA DE ABAIXAMENTO POR VIDEOLAPAROSCOPIA,,,,,HCO,HSO,REF,,,INTESTINOS,SISTEMA DIGESTIVO E ANEXOS,PROCEDIMENTOS CIRÚRGICOS E INVASIVOS
9,CIRURGIA DE ACESSO POSTERIOR,,,,,HCO,HSO,REF,,,INTESTINOS,SISTEMA DIGESTIVO E ANEXOS,PROCEDIMENTOS CIRÚRGICOS E INVASIVOS
10,CISTO MESENTÉRICO - TRATAMENTO CIRÚRGICO,,,,,HCO,HSO,REF,,,INTESTINOS,SISTEMA DIGESTIVO E ANEXOS,PROCEDIMENTOS CIRÚRGICOS E INVASIVOS
11,CISTO MESENTÉRICO - TRATAMENTO POR VIDEOLAPAROSCOPIA,,,,,HCO,HSO,REF,,,INTESTINOS,SISTEMA DIGESTIVO E ANEXOS,PROCEDIMENTOS CIRÚRGICOS E INVASIVOS
12,COLECTOMIA COM OU SEM COLOSTOMIA,,,,,HCO,HSO,REF,,,INTESTINOS,SISTEMA DIGESTIVO E ANEXOS,PROCEDIMENTOS CIRÚRGICOS E INVASIVOS
13,COLECTOMIA COM OU SEM COLOSTOMIA POR VIDEOLAPAROSCOPIA,,,,,HCO,HSO,REF,,,INTESTINOS,SISTEMA DIGESTIVO E ANEXOS,PROCEDIMENTOS CIRÚRGICOS E INVASIVOS
14,COLECTOMIA COM ÍLEO-RETO-ANASTOMOSE,,,,,HCO,HSO,REF,,,INTESTINOS,SISTEMA DIGESTIVO E ANEXOS,PROCEDIMENTOS CIRÚRGICOS E INVASIVOS
15,COLECTOMIA COM ILEOSTOMIA,,,,,HCO,HSO,REF,,,INTESTINOS,SISTEMA DIGESTIVO E ANEXOS,PROCEDIMENTOS CIRÚRGICOS E INVASIVOS
16,COLECTOMIA COM ILEOSTOMIA POR VIDEOLAPAROSCOPIA,,,,,HCO,HSO,REF,,,INTESTINOS,SISTEMA DIGESTIVO E ANEXOS,PROCEDIMENTOS CIRÚRGICOS E INVASIVOS
17,COLECTOMIA COM ÍLEO-RETO-ANASTOMOSE POR VIDEOLAPAROSCOPIA,,,,,HCO,HSO,REF,,,INTESTINOS,SISTEMA DIGESTIVO E ANEXOS,PROCEDIMENTOS CIRÚRGICOS E INVASIVOS
18,COLOCAÇÃO DE SONDA ENTERAL,,,,,HCO,HSO,REF,,,INTESTINOS,SISTEMA DIGESTIVO E ANEXOS,PROCEDIMENTOS CIRÚRGICOS E INVASIVOS
