,PROCEDIMENTO,RN (alteração),VIGÊNCIA,OD,AMB,HCO,HSO,REF,PAC,DUT,SUBGRUPO,GRUPO,CAPITULO
0,ABERTURA DE BAINHA TENDINOSA - TRATAMENTO CIRÚRGICO,,,,AMB,HCO,HSO,REF,,,"TENDÕES, BURSAS E SINÓVIAS",SISTEMA MÚSCULO-ESQUELÉTICO E ARTICULAÇÕES,PROCEDIMENTOS CIRÚRGICOS E INVASIVOS
1,ALONGAMENTO DE TENDÕES - TRATAMENTO CRUENTO,,,,,HCO,HSO,REF,,,"TENDÕES, BURSAS E SINÓVIAS",SISTEMA MÚSCULO-ESQUELÉTICO E ARTICULAÇÕES,PROCEDIMENTOS CIRÚRGICOS E INVASIVOS
2,"BIÓPSIAS CIRÚRGICAS DE TENDÕES, BURSAS E SINÓVIAS",,,,AMB,HCO,HSO,REF,,,"TENDÕES, BURSAS E SINÓVIAS",SISTEMA MÚSCULO-ESQUELÉTICO E ARTICULAÇÕES,PROCEDIMENTOS CIRÚRGICOS E INVASIVOS
3,BURSECTOMIA - TRATAMENTO CIRÚRGICO,,,,,HCO,HSO,REF,,,"TENDÕES, BURSAS E SINÓVIAS",SISTEMA MÚSCULO-ESQUELÉTICO E ARTICULAÇÕES,PROCEDIMENTOS CIRÚRGICOS E INVASIVOS
4,CISTO SINOVIAL - TRATAMENTO CIRÚRGICO,,,,AMB,HCO,HSO,REF,,,"TENDÕES, BURSAS E SINÓVIAS",SISTEMA MÚSCULO-ESQUELÉTICO E ARTICULAÇÕES,PROCEDIMENTOS CIRÚRGICOS E INVASIVOS
5,ENCURTAMENTO DE TENDÃO - TRATAMENTO CIRÚRGICO,,,,,HCO,HSO,REF,,,"TENDÕES, BURSAS E SINÓVIAS",SISTEMA MÚSCULO-ESQUELÉTICO E ARTICULAÇÕES,PROCEDIMENTOS CIRÚRGICOS E INVASIVOS
6,SÍNDROME DO CANAL CARPIANO - TRATAMENTO CRUENTO,,,,,HCO,HSO,REF,,,"TENDÕES, BURSAS E SINÓVIAS",SISTEMA MÚSCULO-ESQUELÉTICO E ARTICULAÇÕES,PROCEDIMENTOS CIRÚRGICOS E INVASIVOS
7,SINOVECTOMIA - TRATAMENTO CIRÚRGICO,,,,,HCO,HSO,REF,,,"TENDÕES, BURSAS E SINÓVIAS",SISTEMA MÚSCULO-ESQUELÉTICO E ARTICULAÇÕES,PROCEDIMENTOS CIRÚRGICOS E INVASIVOS
8,TENOARTROPLASTIA PARA OSSOS DO CARPO,,,,,HCO,HSO,REF,,,"TENDÕES, BURSAS E SINÓVIAS",SISTEMA MÚSCULO-ESQUELÉTICO E ARTICULAÇÕES,PROCEDIMENTOS CIRÚRGICOS E INVASIVOS
9,TENODESE,,,,AMB,HCO,HSO,REF,,,"TENDÕES, BURSAS E SINÓVIAS",SISTEMA MÚSCULO-ESQUELÉTICO E ARTICULAÇÕES,PROCEDIMENTOS CIRÚRGICOS E INVASIVOS
10,TENÓLISE NO TÚNEL ÓSTEO FIBROSO,,,,,HCO,HSO,REF,,,"TENDÕES, BURSAS E SINÓVIAS",SISTEMA MÚSCULO-ESQUELÉTICO E ARTICULAÇÕES,PROCEDIMENTOS CIRÚRGICOS E INVASIVOS
11,TENÓLISE/TENDONESE - TRATAMENTO CIRÚRGICO,,,,,HCO,HSO,REF,,,"TENDÕES, BURSAS E SINÓVIAS",SISTEMA MÚSCULO-ESQUELÉTICO E ARTICULAÇÕES,PROCEDIMENTOS CIRÚRGICOS E INVASIVOS
12,TENOPLASTIA / ENXERTO DE TENDÃO - TRATAMENTO CIRÚRGICO,,,,,HCO,HSO,REF,,,"TENDÕES, BURSAS E SINÓVIAS",SISTEMA MÚSCULO-ESQUELÉTICO E ARTICULAÇÕES,PROCEDIMENTOS CIRÚRGICOS E INVASIVOS
13,TENOPLASTIA DE TENDÃO EM OUTRAS REGIÕES,,,,,HCO,HSO,REF,,,"TENDÕES, BURSAS E SINÓVIAS",SISTEMA MÚSCULO-ESQUELÉTICO E ARTICULAÇÕES,PROCEDIMENTOS CIRÚRGICOS E INVASIVOS
14,TENORRAFIA,,,,,HCO,HSO,REF,,,"TENDÕES, BURSAS E SINÓVIAS",SISTEMA MÚSCULO-ESQUELÉTICO E ARTICULAÇÕES,PROCEDIMENTOS CIRÚRGICOS E INVASIVOS
15,TENOSSINOVECTOMIA,,,,,HCO,HSO,REF,,,"TENDÕES, BURSAS E SINÓVIAS",SISTEMA MÚSCULO-ESQUELÉTICO E ARTICULAÇÕES,PROCEDIMENTOS CIRÚRGICOS E INVASIVOS
16,TENOSSINOVITES ESTENOSANTES - TRATAMENTO CIRÚRGICO,,,,AMB,HCO,HSO,REF,,,"TENDÕES, BURSAS E SINÓVIAS",SISTEMA MÚSCULO-ESQUELÉTICO E ARTICULAÇÕES,PROCEDIMENTOS CIRÚRGICOS E INVASIVOS
17,TENOSSINOVITES INFECCIOSAS - DRENAGEM,,,,AMB,HCO,HSO,REF,,,"TENDÕES, BURSAS E SINÓVIAS",SISTEMA MÚSCULO-ESQUELÉTICO E ARTICULAÇÕES,PROCEDIMENTOS CIRÚRGICOS E INVASIVOS
18,TENOTOMIA,,,,,HCO,HSO,REF,,,"TENDÕES, BURSAS E SINÓVIAS",SISTEMA MÚSCULO-ESQUELÉTICO E ARTICULAÇÕES,PROCEDIMENTOS CIRÚRGICOS E INVASIVOS
