,PROCEDIMENTO,RN (alteração),VIGÊNCIA,OD,AMB,HCO,HSO,REF,PAC,DUT,SUBGRUPO,GRUPO,CAPITULO
0,COLECISTECTOMIA COM OU SEM COLANGIOGRAFIA,,,,,HCO,HSO,REF,,,FÍGADO E VIAS BILIARES,SISTEMA DIGESTIVO E ANEXOS,PROCEDIMENTOS CIRÚRGICOS E INVASIVOS
1,COLECISTECTOMIA COM OU SEM COLANGIOGRAFIA POR VIDEOLAPAROSCOPIA,,,,,HCO,HSO,REF,,,FÍGADO E VIAS BILIARES,SISTEMA DIGESTIVO E ANEXOS,PROCEDIMENTOS CIRÚRGICOS E INVASIVOS
2,COLECISTOJEJUNOSTOMIA,,,,,HCO,HSO,REF,,,FÍGADO E VIAS BILIARES,SISTEMA DIGESTIVO E ANEXOS,PROCEDIMENTOS CIRÚRGICOS E INVASIVOS
3,COLECISTOJEJUNOSTOMIA POR VIDEOLAPAROSCOPIA,,,,,HCO,HSO,REF,,,FÍGADO E VIAS BILIARES,SISTEMA DIGESTIVO E ANEXOS,PROCEDIMENTOS CIRÚRGICOS E INVASIVOS
4,COLECISTOSTOMIA,,,,,HCO,HSO,REF,,,FÍGADO E VIAS BILIARES,SISTEMA DIGESTIVO E ANEXOS,PROCEDIMENTOS CIRÚRGICOS E INVASIVOS
5,COLECISTOSTOMIA POR VIDEOLAPAROSCOPIA,,,,,HCO,HSO,REF,,,FÍGADO E VIAS BILIARES,SISTEMA DIGESTIVO E ANEXOS,PROCEDIMENTOS CIRÚRGICOS E INVASIVOS
6,COLÉDOCO OU HEPÁTICO-JEJUNOSTOMIA,,,,,HCO,HSO,REF,,,FÍGADO E VIAS BILIARES,SISTEMA DIGESTIVO E ANEXOS,PROCEDIMENTOS CIRÚRGICOS E INVASIVOS
7,COLÉDOCO OU HEPÁTICO-JEJUNOSTOMIA POR VIDEOLAPAROSCOPIA,,,,,HCO,HSO,REF,,,FÍGADO E VIAS BILIARES,SISTEMA DIGESTIVO E ANEXOS,PROCEDIMENTOS CIRÚRGICOS E INVASIVOS
8,COLÉDOCO OU HEPATICOPLASTIA,,,,,HCO,HSO,REF,,,FÍGADO E VIAS BILIARES,SISTEMA DIGESTIVO E ANEXOS,PROCEDIMENTOS CIRÚRGICOS E INVASIVOS
9,COLÉDOCO-DUODENOSTOMIA,,,,,HCO,HSO,REF,,,FÍGADO E VIAS BILIARES,SISTEMA DIGESTIVO E ANEXOS,PROCEDIMENTOS CIRÚRGICOS E INVASIVOS
10,COLÉDOCO-DUODENOSTOMIA POR VIDEOLAPAROSCOPIA,,,,,HCO,HSO,REF,,,FÍGADO E VIAS BILIARES,SISTEMA DIGESTIVO E ANEXOS,PROCEDIMENTOS CIRÚRGICOS E INVASIVOS
11,COLEDOCOTOMIA OU COLEDOCOSTOMIA COM OU SEM COLECISTECTOMIA,,,,,HCO,HSO,REF,,,FÍGADO E VIAS BILIARES,SISTEMA DIGESTIVO E ANEXOS,PROCEDIMENTOS CIRÚRGICOS E INVASIVOS
12,COLEDOCOTOMIA OU COLEDOCOSTOMIA COM OU SEM COLECISTECTOMIA POR VIDEOLAPAROSCOPIA,,,,,HCO,HSO,REF,,,FÍGADO E VIAS BILIARES,SISTEMA DIGESTIVO E ANEXOS,PROCEDIMENTOS CIRÚRGICOS E INVASIVOS
13,COLEDOSCOPIA INTRA-OPERATÓRIA,,,,,HCO,HSO,REF,,,FÍGADO E VIAS BILIARES,SISTEMA DIGESTIVO E ANEXOS,PROCEDIMENTOS CIRÚRGICOS E INVASIVOS
14,DERIVAÇÃO PORTO SISTÊMICA,,,,,HCO,HSO,REF,,,FÍGADO E VIAS BILIARES,SISTEMA DIGESTIVO E ANEXOS,PROCEDIMENTOS CIRÚRGICOS E INVASIVOS
15,DESCONEXÃO ÁZIGOS - PORTAL COM OU SEM ESPLENECTOMIA,,,,,HCO,HSO,REF,,,FÍGADO E VIAS BILIARES,SISTEMA DIGESTIVO E ANEXOS,PROCEDIMENTOS CIRÚRGICOS E INVASIVOS
16,DESCONEXÃO ÁZIGOS - PORTAL COM OU SEM ESPLENECTOMIA POR VIDEOLAPAROSCOPIA,,,,,HCO,HSO,REF,,,FÍGADO E VIAS BILIARES,SISTEMA DIGESTIVO E ANEXOS,PROCEDIMENTOS CIRÚRGICOS E INVASIVOS
17,DESVASCULARIZAÇÃO HEPÁTICA,,,,,HCO,HSO,REF,,,FÍGADO E VIAS BILIARES,SISTEMA DIGESTIVO E ANEXOS,PROCEDIMENTOS CIRÚRGICOS E INVASIVOS
18,DRENAGEM BILIAR TRANS-HEPÁTICA,,,,,HCO,HSO,REF,,,FÍGADO E VIAS BILIARES,SISTEMA DIGESTIVO E ANEXOS,PROCEDIMENTOS CIRÚRGICOS E INVASIVOS
