,PROCEDIMENTO,RN (alteração),VIGÊNCIA,OD,AMB,HCO,HSO,REF,PAC,DUT,SUBGRUPO,GRUPO,CAPITULO
0,"TRATAMENTO CIRÚRGICO DE LESÃO AGUDA DE LIGAMENTO COLATERAL DE JOELHO, ASSOCIADA A LIGAMENTO CRUZADO E MENISCO",,,,,HCO,HSO,REF,,,MEMBROS INFERIORES,SISTEMA MÚSCULO-ESQUELÉTICO E ARTICULAÇÕES,PROCEDIMENTOS CIRÚRGICOS E INVASIVOS
1,TRATAMENTO CIRÚRGICO DE LESÕES AGUDAS E/OU LUXAÇÕES DE MENISCOS,,,,,HCO,HSO,REF,,,MEMBROS INFERIORES,SISTEMA MÚSCULO-ESQUELÉTICO E ARTICULAÇÕES,PROCEDIMENTOS CIRÚRGICOS E INVASIVOS
2,TRATAMENTO CIRÚRGICO DE LESÕES INTRÍNSECAS OU COMPLEXAS DE JOELHO,,,,,HCO,HSO,REF,,,MEMBROS INFERIORES,SISTEMA MÚSCULO-ESQUELÉTICO E ARTICULAÇÕES,PROCEDIMENTOS CIRÚRGICOS E INVASIVOS
3,TRATAMENTO CIRÚRGICO DE LINFEDEMA AO NÍVEL DO PÉ,,,,,HCO,HSO,REF,,,MEMBROS INFERIORES,SISTEMA MÚSCULO-ESQUELÉTICO E ARTICULAÇÕES,PROCEDIMENTOS CIRÚRGICOS E INVASIVOS
4,"TRATAMENTO CIRÚRGICO DE POLIDACTILIA SIMPLES, COMPLEXA OU MÚLTIPLA",,,,,HCO,HSO,REF,,,MEMBROS INFERIORES,SISTEMA MÚSCULO-ESQUELÉTICO E ARTICULAÇÕES,PROCEDIMENTOS CIRÚRGICOS E INVASIVOS
5,TRATAMENTO CIRÚRGICO DO HALLUX VALGUS,,,,,HCO,HSO,REF,,,MEMBROS INFERIORES,SISTEMA MÚSCULO-ESQUELÉTICO E ARTICULAÇÕES,PROCEDIMENTOS CIRÚRGICOS E INVASIVOS
6,TRATAMENTO CIRÚRGICO DO MAL PERFURANTE PLANTAR,,,,AMB,HCO,HSO,REF,,,MEMBROS INFERIORES,SISTEMA MÚSCULO-ESQUELÉTICO E ARTICULAÇÕES,PROCEDIMENTOS CIRÚRGICOS E INVASIVOS
7,TRATAMENTO CIRÚRGICO DO PÉ PLANO/PÉ CAVO/COALISÃO TARSAL,,,,,HCO,HSO,REF,,,MEMBROS INFERIORES,SISTEMA MÚSCULO-ESQUELÉTICO E ARTICULAÇÕES,PROCEDIMENTOS CIRÚRGICOS E INVASIVOS
8,TRATAMENTO CIRÚRGICO DO PÉ TORTO CONGÊNITO COM OU SEM FIXADOR EXTERNO,,,,,HCO,HSO,REF,,,MEMBROS INFERIORES,SISTEMA MÚSCULO-ESQUELÉTICO E ARTICULAÇÕES,PROCEDIMENTOS CIRÚRGICOS E INVASIVOS
9,TRATAMENTO DA RETRAÇÃO CICATRICIAL DOS DEDOS,,,,,HCO,HSO,REF,,,MEMBROS INFERIORES,SISTEMA MÚSCULO-ESQUELÉTICO E ARTICULAÇÕES,PROCEDIMENTOS CIRÚRGICOS E INVASIVOS
10,ALONGAMENTO,,,,,HCO,HSO,REF,,,MÚSCULOS E FASCIAS,SISTEMA MÚSCULO-ESQUELÉTICO E ARTICULAÇÕES,PROCEDIMENTOS CIRÚRGICOS E INVASIVOS
11,BIÓPSIA DE MÚSCULO,,,,AMB,HCO,HSO,REF,,,MÚSCULOS E FASCIAS,SISTEMA MÚSCULO-ESQUELÉTICO E ARTICULAÇÕES,PROCEDIMENTOS CIRÚRGICOS E INVASIVOS
12,DESBRIDAMENTO CIRÚRGICO DE FERIDAS OU EXTREMIDADES,,,,,HCO,HSO,REF,,,MÚSCULOS E FASCIAS,SISTEMA MÚSCULO-ESQUELÉTICO E ARTICULAÇÕES,PROCEDIMENTOS CIRÚRGICOS E INVASIVOS
13,DESINSERÇÃO OU MIOTOMIA,,,,,HCO,HSO,REF,,,MÚSCULOS E FASCIAS,SISTEMA MÚSCULO-ESQUELÉTICO E ARTICULAÇÕES,PROCEDIMENTOS CIRÚRGICOS E INVASIVOS
14,DISSECÇÃO MUSCULAR,,,,,HCO,HSO,REF,,,MÚSCULOS E FASCIAS,SISTEMA MÚSCULO-ESQUELÉTICO E ARTICULAÇÕES,PROCEDIMENTOS CIRÚRGICOS E INVASIVOS
15,DRENAGEM CIRÚRGICA DO PSOAS,,,,,HCO,HSO,REF,,,MÚSCULOS E FASCIAS,SISTEMA MÚSCULO-ESQUELÉTICO E ARTICULAÇÕES,PROCEDIMENTOS CIRÚRGICOS E INVASIVOS
16,FASCIOTOMIA,,,,,HCO,HSO,REF,,,MÚSCULOS E FASCIAS,SISTEMA MÚSCULO-ESQUELÉTICO E ARTICULAÇÕES,PROCEDIMENTOS CIRÚRGICOS E INVASIVOS
17,MIORRAFIAS,,,,AMB,HCO,HSO,REF,,,MÚSCULOS E FASCIAS,SISTEMA MÚSCULO-ESQUELÉTICO E ARTICULAÇÕES,PROCEDIMENTOS CIRÚRGICOS E INVASIVOS
18,TRANSPOSIÇÃO MUSCULAR,,,,,HCO,HSO,REF,,,MÚSCULOS E FASCIAS,SISTEMA MÚSCULO-ESQUELÉTICO E ARTICULAÇÕES,PROCEDIMENTOS CIRÚRGICOS E INVASIVOS
