,PROCEDIMENTO,RN (alteração),VIGÊNCIA,OD,AMB,HCO,HSO,REF,PAC,DUT,SUBGRUPO,GRUPO,CAPITULO
0,CORTISOL,,,,AMB,HCO,HSO,REF,,,ENDOCRINOLOGIA LABORATORIAL,PROCEDIMENTOS LABORATORIAIS,PROCEDIMENTOS DIAGNÓSTICOS E TERAPÊUTICOS
1,CORTISOL LIVRE,,,,AMB,HCO,HSO,REF,,,ENDOCRINOLOGIA LABORATORIAL,PROCEDIMENTOS LABORATORIAIS,PROCEDIMENTOS DIAGNÓSTICOS E TERAPÊUTICOS
2,CURVA GLICÊMICA (6 DOSAGENS),,,,AMB,HCO,HSO,REF,,,ENDOCRINOLOGIA LABORATORIAL,PROCEDIMENTOS LABORATORIAIS,PROCEDIMENTOS DIAGNÓSTICOS E TERAPÊUTICOS
3,CURVA INSULÍNICA (6 DOSAGENS),,,,AMB,HCO,HSO,REF,,,ENDOCRINOLOGIA LABORATORIAL,PROCEDIMENTOS LABORATORIAIS,PROCEDIMENTOS DIAGNÓSTICOS E TERAPÊUTICOS
4,DEHIDROEPIANDROSTERONA (DHEA),,,,AMB,HCO,HSO,REF,,,ENDOCRINOLOGIA LABORATORIAL,PROCEDIMENTOS LABORATORIAIS,PROCEDIMENTOS DIAGNÓSTICOS E TERAPÊUTICOS
5,DEHIDROTESTOSTERONA (DHT),,,,AMB,HCO,HSO,REF,,,ENDOCRINOLOGIA LABORATORIAL,PROCEDIMENTOS LABORATORIAIS,PROCEDIMENTOS DIAGNÓSTICOS E TERAPÊUTICOS
6,DOSAGEM DE LH OU FSH COM OU SEM TESTE DE ESTÍMULO,,,,AMB,HCO,HSO,REF,,,ENDOCRINOLOGIA LABORATORIAL,PROCEDIMENTOS LABORATORIAIS,PROCEDIMENTOS DIAGNÓSTICOS E TERAPÊUTICOS
7,ENZIMA CONVERSORA DA ANGIOTENSINA (ECA),,,,AMB,HCO,HSO,REF,,,ENDOCRINOLOGIA LABORATORIAL,PROCEDIMENTOS LABORATORIAIS,PROCEDIMENTOS DIAGNÓSTICOS E TERAPÊUTICOS
8,ERITROPOIETINA,,,,AMB,HCO,HSO,REF,,,ENDOCRINOLOGIA LABORATORIAL,PROCEDIMENTOS LABORATORIAIS,PROCEDIMENTOS DIAGNÓSTICOS E TERAPÊUTICOS
9,ESTRADIOL,,,,AMB,HCO,HSO,REF,,,ENDOCRINOLOGIA LABORATORIAL,PROCEDIMENTOS LABORATORIAIS,PROCEDIMENTOS DIAGNÓSTICOS E TERAPÊUTICOS
10,ESTRIOL,,,,AMB,HCO,HSO,REF,,,ENDOCRINOLOGIA LABORATORIAL,PROCEDIMENTOS LABORATORIAIS,PROCEDIMENTOS DIAGNÓSTICOS E TERAPÊUTICOS
11,ESTROGÊNIOS TOTAIS (FENOLESTERÓIDES) - PESQUISA E/OU DOSAGEM,,,,AMB,HCO,HSO,REF,,,ENDOCRINOLOGIA LABORATORIAL,PROCEDIMENTOS LABORATORIAIS,PROCEDIMENTOS DIAGNÓSTICOS E TERAPÊUTICOS
12,ESTRONA,,,,AMB,HCO,HSO,REF,,,ENDOCRINOLOGIA LABORATORIAL,PROCEDIMENTOS LABORATORIAIS,PROCEDIMENTOS DIAGNÓSTICOS E TERAPÊUTICOS
13,GASTRINA,,,,AMB,HCO,HSO,REF,,,ENDOCRINOLOGIA LABORATORIAL,PROCEDIMENTOS LABORATORIAIS,PROCEDIMENTOS DIAGNÓSTICOS E TERAPÊUTICOS
14,GLOBULINA DE LIGAÇÃO DE HORMÔNIOS SEXUAIS (SHBG),,,,AMB,HCO,HSO,REF,,,ENDOCRINOLOGIA LABORATORIAL,PROCEDIMENTOS LABORATORIAIS,PROCEDIMENTOS DIAGNÓSTICOS E TERAPÊUTICOS
15,GLOBULINA TRANSPORTADORA DA TIROXINA (TBG),,,,AMB,HCO,HSO,REF,,,ENDOCRINOLOGIA LABORATORIAL,PROCEDIMENTOS LABORATORIAIS,PROCEDIMENTOS DIAGNÓSTICOS E TERAPÊUTICOS
16,GLUCAGON,,,,AMB,HCO,HSO,REF,,,ENDOCRINOLOGIA LABORATORIAL,PROCEDIMENTOS LABORATORIAIS,PROCEDIMENTOS DIAGNÓSTICOS E TERAPÊUTICOS
17,HORMÔNIO ADRENOCORTICOTRÓFICO (ACTH),,,,AMB,HCO,HSO,REF,,,ENDOCRINOLOGIA LABORATORIAL,PROCEDIMENTOS LABORATORIAIS,PROCEDIMENTOS DIAGNÓSTICOS E TERAPÊUTICOS
18,HORMÔNIO ANTIDIURÉTICO (VASOPRESSINA),,,,AMB,HCO,HSO,REF,,,ENDOCRINOLOGIA LABORATORIAL,PROCEDIMENTOS LABORATORIAIS,PROCEDIMENTOS DIAGNÓSTICOS E TERAPÊUTICOS
