,PROCEDIMENTO,RN (alteração),VIGÊNCIA,OD,AMB,HCO,HSO,REF,PAC,DUT,SUBGRUPO,GRUPO,CAPITULO
0,TRATAMENTO CIRÚRGICO DE FÍSTULA COM RETALHO CUTÂNEO,,,,,HCO,HSO,REF,,,PESCOÇO,CABEÇA E PESCOÇO,PROCEDIMENTOS CIRÚRGICOS E INVASIVOS
1,BIÓPSIA DE TIREÓIDE,,,,AMB,HCO,HSO,REF,,,TIREÓIDE,CABEÇA E PESCOÇO,PROCEDIMENTOS CIRÚRGICOS E INVASIVOS
2,BÓCIO MERGULHANTE: EXTIRPAÇÃO,,,,,HCO,HSO,REF,,,TIREÓIDE,CABEÇA E PESCOÇO,PROCEDIMENTOS CIRÚRGICOS E INVASIVOS
3,ISTMECTOMIA OU NODULECTOMIA,,,,,HCO,HSO,REF,,,TIREÓIDE,CABEÇA E PESCOÇO,PROCEDIMENTOS CIRÚRGICOS E INVASIVOS
4,TIREOIDECTOMIA PARCIAL OU TOTAL COM OU SEM ESVAZIAMENTO GANGLIONAR,,,,,HCO,HSO,REF,,,TIREÓIDE,CABEÇA E PESCOÇO,PROCEDIMENTOS CIRÚRGICOS E INVASIVOS
5,BIÓPSIA DE PARATIREÓIDE,,,,AMB,HCO,HSO,REF,,,PARATIREÓIDE,CABEÇA E PESCOÇO,PROCEDIMENTOS CIRÚRGICOS E INVASIVOS
6,PARATIREOIDECTOMIA COM ESVAZIAMENTO CERVICAL,,,,,HCO,HSO,REF,,,PARATIREÓIDE,CABEÇA E PESCOÇO,PROCEDIMENTOS CIRÚRGICOS E INVASIVOS
7,PARATIREOIDECTOMIA COM TORACOTOMIA,,,,,HCO,HSO,REF,,,PARATIREÓIDE,CABEÇA E PESCOÇO,PROCEDIMENTOS CIRÚRGICOS E INVASIVOS
8,PARATIREOIDECTOMIA SUBTOTAL,,,,,HCO,HSO,REF,,,PARATIREÓIDE,CABEÇA E PESCOÇO,PROCEDIMENTOS CIRÚRGICOS E INVASIVOS
9,PARATIREOIDECTOMIA TOTAL COM IMPLANTE DE PARATIREÓIDES,,,,,HCO,HSO,REF,,,PARATIREÓIDE,CABEÇA E PESCOÇO,PROCEDIMENTOS CIRÚRGICOS E INVASIVOS
10,REIMPLANTE DE PARATIREÓIDE PREVIAMENTE PRESERVADA,,,,,HCO,HSO,REF,,,PARATIREÓIDE,CABEÇA E PESCOÇO,PROCEDIMENTOS CIRÚRGICOS E INVASIVOS
11,TRATAMENTO CIRÚRGICO DO HIPERPARATIREOIDISMO,,,,,HCO,HSO,REF,,,PARATIREÓIDE,CABEÇA E PESCOÇO,PROCEDIMENTOS CIRÚRGICOS E INVASIVOS
12,CRANIOPLASTIA,,,,,HCO,HSO,REF,,,CRÂNIO,CABEÇA E PESCOÇO,PROCEDIMENTOS CIRÚRGICOS E INVASIVOS
13,CRANIOTOMIA OU CRANIECTOMIA DESCOMPRESSIVA,,,,,HCO,HSO,REF,,,CRÂNIO,CABEÇA E PESCOÇO,PROCEDIMENTOS CIRÚRGICOS E INVASIVOS
14,CRANIOTOMIA PARA TUMORES ÓSSEOS,,,,,HCO,HSO,REF,,,CRÂNIO,CABEÇA E PESCOÇO,PROCEDIMENTOS CIRÚRGICOS E INVASIVOS
15,RECONSTRUÇÃO CRANIANA OU CRANIOFACIAL,,,,,HCO,HSO,REF,,,CRÂNIO,CABEÇA E PESCOÇO,PROCEDIMENTOS CIRÚRGICOS E INVASIVOS
16,RETIRADA DE CRANIOPLASTIA,,,,,HCO,HSO,REF,,,CRÂNIO,CABEÇA E PESCOÇO,PROCEDIMENTOS CIRÚRGICOS E INVASIVOS
17,TRATAMENTO CIRÚRGICO DA CRANIOSSINOSTOSE,,,,,HCO,HSO,REF,,,CRÂNIO,CABEÇA E PESCOÇO,PROCEDIMENTOS CIRÚRGICOS E INVASIVOS
18,TRATAMENTO CIRÚRGICO DA FRATURA DO CRÂNIO - AFUNDAMENTO,,,,,HCO,HSO,REF,,,CRÂNIO,CABEÇA E PESCOÇO,PROCEDIMENTOS CIRÚRGICOS E INVASIVOS
