,PROCEDIMENTO,RN (alteração),VIGÊNCIA,OD,AMB,HCO,HSO,REF,PAC,DUT,SUBGRUPO,GRUPO,CAPITULO
0,FRATURAS DOS OSSOS NASAIS - REDUÇÃO INCRUENTA E GESSO,,,,AMB,HCO,HSO,REF,,,NARIZ,NARIZ E SEIOS PARANASAIS,PROCEDIMENTOS CIRÚRGICOS E INVASIVOS
1,IMPERFURAÇÃO COANAL - CORREÇÃO CIRÚRGICA INTRANASAL OU TRANSPALATINA,,,,,HCO,HSO,REF,,,NARIZ,NARIZ E SEIOS PARANASAIS,PROCEDIMENTOS CIRÚRGICOS E INVASIVOS
2,IMPERFURAÇÃO COANAL - CORREÇÃO CIRURGICA INTRANASAL POR VIDEOENDOSCOPIA,,,,,HCO,HSO,REF,,,NARIZ,NARIZ E SEIOS PARANASAIS,PROCEDIMENTOS CIRÚRGICOS E INVASIVOS
3,OZENA - TRATAMENTO CIRÚRGICO,,,,,HCO,HSO,REF,,,NARIZ,NARIZ E SEIOS PARANASAIS,PROCEDIMENTOS CIRÚRGICOS E INVASIVOS
4,PERFURAÇÃO DO SEPTO NASAL - CORREÇÃO CIRÚRGICA,,,,,HCO,HSO,REF,,,NARIZ,NARIZ E SEIOS PARANASAIS,PROCEDIMENTOS CIRÚRGICOS E INVASIVOS
5,POLIPECTOMIA,,,,AMB,HCO,HSO,REF,,,NARIZ,NARIZ E SEIOS PARANASAIS,PROCEDIMENTOS CIRÚRGICOS E INVASIVOS
6,RECONSTRUÇÃO NASAL,,,,,HCO,HSO,REF,,,NARIZ,NARIZ E SEIOS PARANASAIS,PROCEDIMENTOS CIRÚRGICOS E INVASIVOS
7,RESSECÇÃO DE SINÉQUIAS,,,,AMB,HCO,HSO,REF,,,NARIZ,NARIZ E SEIOS PARANASAIS,PROCEDIMENTOS CIRÚRGICOS E INVASIVOS
8,RESSECÇÃO DE TUMORES MALIGNOS TRANSNASAIS,,,,,HCO,HSO,REF,,,NARIZ,NARIZ E SEIOS PARANASAIS,PROCEDIMENTOS CIRÚRGICOS E INVASIVOS
9,"RETIRADA DE CORPO ESTRANHO DE NARIZ, COM OU SEM ANESTESIA GERAL",,,,AMB,HCO,HSO,REF,,,NARIZ,NARIZ E SEIOS PARANASAIS,PROCEDIMENTOS CIRÚRGICOS E INVASIVOS
10,"RETIRADA DE CORPO ESTRANHO DE NARIZ, COM OU SEM ANESTESIA GERAL POR VIDEOENDOSCOPIA",,,,AMB,HCO,HSO,REF,,,NARIZ,NARIZ E SEIOS PARANASAIS,PROCEDIMENTOS CIRÚRGICOS E INVASIVOS
11,RINECTOMIA,,,,,HCO,HSO,REF,,,NARIZ,NARIZ E SEIOS PARANASAIS,PROCEDIMENTOS CIRÚRGICOS E INVASIVOS
12,RINOSSEPTOPLASTIA FUNCIONAL,,,,,HCO,HSO,REF,,,NARIZ,NARIZ E SEIOS PARANASAIS,PROCEDIMENTOS CIRÚRGICOS E INVASIVOS
13,SEPTOPLASTIA,,,,,HCO,HSO,REF,,,NARIZ,NARIZ E SEIOS PARANASAIS,PROCEDIMENTOS CIRÚRGICOS E INVASIVOS
14,TRATAMENTO CIRÚRGICO DA ATRESIA NARINÁRIA,,,,,HCO,HSO,REF,,,NARIZ,NARIZ E SEIOS PARANASAIS,PROCEDIMENTOS CIRÚRGICOS E INVASIVOS
15,TRATAMENTO CIRÚRGICO DE DEFORMIDADE NASAL CONGÊNITA,,,,,HCO,HSO,REF,,,NARIZ,NARIZ E SEIOS PARANASAIS,PROCEDIMENTOS CIRÚRGICOS E INVASIVOS
16,TRATAMENTO CIRÚRGICO DO RINOFIMA,,,,,HCO,HSO,REF,,,NARIZ,NARIZ E SEIOS PARANASAIS,PROCEDIMENTOS CIRÚRGICOS E INVASIVOS
17,TRATAMENTO DE DEFORMIDADE TRAUMÁTICA NASAL,,,,,HCO,HSO,REF,,,NARIZ,NARIZ E SEIOS PARANASAIS,PROCEDIMENTOS CIRÚRGICOS E INVASIVOS
18,TUMOR INTRANASAL - EXÉRESE POR RINOTOMIA LATERAL,,,,,HCO,HSO,REF,,,NARIZ,NARIZ E SEIOS PARANASAIS,PROCEDIMENTOS CIRÚRGICOS E INVASIVOS
