,PROCEDIMENTO,RN (alteração),VIGÊNCIA,OD,AMB,HCO,HSO,REF,PAC,DUT,SUBGRUPO,GRUPO,CAPITULO
0,REABILITAÇÃO PERINEAL/VESICO-URETRAL COM OU SEM BIOFEEDBACK,,,,AMB,HCO,HSO,REF,,,REABILITAÇÃO,PROCEDIMENTOS CLÍNICOS AMBULATORIAIS E HOSPITALARES,PROCEDIMENTOS CLÍNICOS AMBULATORIAIS E HOSPITALARES
1,REEDUACAÇÃO E REABILITAÇÃO DE QUEIMADOS PARA PREVENÇÃO DE SEQUELAS,,,,AMB,HCO,HSO,REF,,,REABILITAÇÃO,PROCEDIMENTOS CLÍNICOS AMBULATORIAIS E HOSPITALARES,PROCEDIMENTOS CLÍNICOS AMBULATORIAIS E HOSPITALARES
2,REEDUCAÇÃO E REABILITAÇÃO CARDIOVASCULAR,,,,AMB,HCO,HSO,REF,,,REABILITAÇÃO,PROCEDIMENTOS CLÍNICOS AMBULATORIAIS E HOSPITALARES,PROCEDIMENTOS CLÍNICOS AMBULATORIAIS E HOSPITALARES
3,REEDUCAÇÃO E REABILITAÇÃO DO SISTEMA LINFÁTICO E/OU VASCULAR PERIFÉRICO,,,,AMB,HCO,HSO,REF,,,REABILITAÇÃO,PROCEDIMENTOS CLÍNICOS AMBULATORIAIS E HOSPITALARES,PROCEDIMENTOS CLÍNICOS AMBULATORIAIS E HOSPITALARES
4,REEDUCAÇÃO E REABILITAÇÃO DO SISTEMA MÚSCULO-ESQUELÉTICO POR DISTÚRBIOS CONGÊNITOS OU REUMÁTICOS,,,,AMB,HCO,HSO,REF,,,REABILITAÇÃO,PROCEDIMENTOS CLÍNICOS AMBULATORIAIS E HOSPITALARES,PROCEDIMENTOS CLÍNICOS AMBULATORIAIS E HOSPITALARES
5,REEDUCAÇÃO E REABILITAÇÃO NEUROLÓGICA,,,,AMB,HCO,HSO,REF,,,REABILITAÇÃO,PROCEDIMENTOS CLÍNICOS AMBULATORIAIS E HOSPITALARES,PROCEDIMENTOS CLÍNICOS AMBULATORIAIS E HOSPITALARES
6,REEDUCAÇÃO E REABILITAÇÃO NEURO-MÚSCULO-ESQUELÉTICA,,,,AMB,HCO,HSO,REF,,,REABILITAÇÃO,PROCEDIMENTOS CLÍNICOS AMBULATORIAIS E HOSPITALARES,PROCEDIMENTOS CLÍNICOS AMBULATORIAIS E HOSPITALARES
7,REEDUCAÇÃO E REABILITAÇÃO NO RETARDO DO DESENVOLVIMENTO PSICOMOTOR,,,,AMB,HCO,HSO,REF,,,REABILITAÇÃO,PROCEDIMENTOS CLÍNICOS AMBULATORIAIS E HOSPITALARES,PROCEDIMENTOS CLÍNICOS AMBULATORIAIS E HOSPITALARES
8,REEDUCAÇÃO E REABILITAÇÃO RESPIRATÓRIA,,,,AMB,HCO,HSO,REF,,,REABILITAÇÃO,PROCEDIMENTOS CLÍNICOS AMBULATORIAIS E HOSPITALARES,PROCEDIMENTOS CLÍNICOS AMBULATORIAIS E HOSPITALARES
9,REEDUCAÇÃO E REABILITAÇÃO TRAUMATO-ORTOPÉDICA (EXCLUI TÉCNICAS CINESIOTERÁPICAS ESPECÍFICAS),,,,AMB,HCO,HSO,REF,,,REABILITAÇÃO,PROCEDIMENTOS CLÍNICOS AMBULATORIAIS E HOSPITALARES,PROCEDIMENTOS CLÍNICOS AMBULATORIAIS E HOSPITALARES
10,REEDUCAÇÃO E/OU REABILITAÇÃO DE DISTÚRBIOS CRÂNIO-FACIAIS,,,,AMB,HCO,HSO,REF,,,REABILITAÇÃO,PROCEDIMENTOS CLÍNICOS AMBULATORIAIS E HOSPITALARES,PROCEDIMENTOS CLÍNICOS AMBULATORIAIS E HOSPITALARES
11,REEDUCAÇÃO E/OU REABILITAÇÃO NOS PROCESSOS INFLAMATÓRIOS PÉLVICOS,,,,AMB,HCO,HSO,REF,,,REABILITAÇÃO,PROCEDIMENTOS CLÍNICOS AMBULATORIAIS E HOSPITALARES,PROCEDIMENTOS CLÍNICOS AMBULATORIAIS E HOSPITALARES
12,ACTINOTERAPIA,,,,AMB,HCO,HSO,REF,,,TERAPÊUTICA,PROCEDIMENTOS CLÍNICOS AMBULATORIAIS E HOSPITALARES,PROCEDIMENTOS CLÍNICOS AMBULATORIAIS E HOSPITALARES
13,APLICAÇÃO DE CARIOSTÁTICO (COM DIRETRIZ DE UTILIZAÇÃO),,,OD,,,,,,79.0,TERAPÊUTICA,PROCEDIMENTOS CLÍNICOS AMBULATORIAIS E HOSPITALARES,PROCEDIMENTOS CLÍNICOS AMBULATORIAIS E HOSPITALARES
14,APLICAÇÃO DE HIPOSSENSIBILIZANTE,,,,AMB,HCO,HSO,REF,,,TERAPÊUTICA,PROCEDIMENTOS CLÍNICOS AMBULATORIAIS E HOSPITALARES,PROCEDIMENTOS CLÍNICOS AMBULATORIAIS E HOSPITALARES
15,APLICAÇÃO DE SELANTE (COM DIRETRIZ DE UTILIZAÇÃO),,,OD,,,,,,80.0,TERAPÊUTICA,PROCEDIMENTOS CLÍNICOS AMBULATORIAIS E HOSPITALARES,PROCEDIMENTOS CLÍNICOS AMBULATORIAIS E HOSPITALARES
16,APLICAÇÃO TÓPICA DE FLÚOR,,,OD,,,,,,,TERAPÊUTICA,PROCEDIMENTOS CLÍNICOS AMBULATORIAIS E HOSPITALARES,PROCEDIMENTOS CLÍNICOS AMBULATORIAIS E HOSPITALARES
17,APLICAÇÃO TÓPICA DE VERNIZ FLUORETADO,,,OD,,,,,,,TERAPÊUTICA,PROCEDIMENTOS CLÍNICOS AMBULATORIAIS E HOSPITALARES,PROCEDIMENTOS CLÍNICOS AMBULATORIAIS E HOSPITALARES
18,BETATERAPIA,,,,AMB,HCO,HSO,REF,PAC,,TERAPÊUTICA,PROCEDIMENTOS CLÍNICOS AMBULATORIAIS E HOSPITALARES,PROCEDIMENTOS CLÍNICOS AMBULATORIAIS E HOSPITALARES
