,PROCEDIMENTO,RN (alteração),VIGÊNCIA,OD,AMB,HCO,HSO,REF,PAC,DUT,SUBGRUPO,GRUPO,CAPITULO
0,RETIRADA DE SHUNT OU DESATIVAÇÃO DE FÍSTULA ARTERIOVENOSA,,,,AMB,HCO,HSO,REF,,,"HEMODIÁLISE DE CURTA E LONGAPERMANÊNCIA",SISTEMA CÁRDIO-CIRCULATÓRIO,PROCEDIMENTOS CIRÚRGICOS E INVASIVOS
1,ULTRAFILTRAÇÃO,,,,AMB,HCO,HSO,REF,,,"HEMODIÁLISE DE CURTA E LONGAPERMANÊNCIA",SISTEMA CÁRDIO-CIRCULATÓRIO,PROCEDIMENTOS CIRÚRGICOS E INVASIVOS
2,ANEURISMA ROTO OU TROMBOSADO DE AORTA ABDOMINAL INFRA-RENAL,,,,,HCO,HSO,REF,,,CIRURGIA VASCULAR DE URGÊNCIA,SISTEMA CÁRDIO-CIRCULATÓRIO,PROCEDIMENTOS CIRÚRGICOS E INVASIVOS
3,EMBOLECTOMIA OU TROMBO - EMBOLECTOMIA ARTERIAL,,,,,HCO,HSO,REF,,,CIRURGIA VASCULAR DE URGÊNCIA,SISTEMA CÁRDIO-CIRCULATÓRIO,PROCEDIMENTOS CIRÚRGICOS E INVASIVOS
4,EXPLORAÇÃO VASCULAR EM TRAUMAS,,,,,HCO,HSO,REF,,,CIRURGIA VASCULAR DE URGÊNCIA,SISTEMA CÁRDIO-CIRCULATÓRIO,PROCEDIMENTOS CIRÚRGICOS E INVASIVOS
5,LESÕES VASCULARES CERVICAIS E CÉRVICO TORÁCICAS,,,,,HCO,HSO,REF,,,CIRURGIA VASCULAR DE URGÊNCIA,SISTEMA CÁRDIO-CIRCULATÓRIO,PROCEDIMENTOS CIRÚRGICOS E INVASIVOS
6,LESÕES VASCULARES DE MEMBRO INFERIOR OU SUPERIOR,,,,,HCO,HSO,REF,,,CIRURGIA VASCULAR DE URGÊNCIA,SISTEMA CÁRDIO-CIRCULATÓRIO,PROCEDIMENTOS CIRÚRGICOS E INVASIVOS
7,LESÕES VASCULARES INTRA-ABDOMINAIS,,,,,HCO,HSO,REF,,,CIRURGIA VASCULAR DE URGÊNCIA,SISTEMA CÁRDIO-CIRCULATÓRIO,PROCEDIMENTOS CIRÚRGICOS E INVASIVOS
8,LESÕES VASCULARES TRAUMÁTICAS INTRATORÁCICAS,,,,,HCO,HSO,REF,,,CIRURGIA VASCULAR DE URGÊNCIA,SISTEMA CÁRDIO-CIRCULATÓRIO,PROCEDIMENTOS CIRÚRGICOS E INVASIVOS
9,ABLAÇÃO PERCUTÂNEA POR CORRENTE DE CRIOABLAÇÃO PARA O TRATAMENTO DA FIBRILAÇÃO ATRIAL PAROXÍSTICA,,,,,HCO,HSO,REF,PAC,,"HEMODINÂMICA - CARDIOLOGIAINTERVENCIONISTA (PROCEDIMENTOSDIAGNÓSTICOS/TERAPÊUTICOS)",SISTEMA CÁRDIO-CIRCULATÓRIO,PROCEDIMENTOS CIRÚRGICOS E INVASIVOS
10,ABLAÇÃO PERCUTÂNEA POR CORRENTE DE RADIOFREQUÊNCIA PARA TRATAMENTO DE ARRITMIAS,,,,,HCO,HSO,REF,PAC,,"HEMODINÂMICA - CARDIOLOGIAINTERVENCIONISTA (PROCEDIMENTOSDIAGNÓSTICOS/TERAPÊUTICOS)",SISTEMA CÁRDIO-CIRCULATÓRIO,PROCEDIMENTOS CIRÚRGICOS E INVASIVOS
11,ANGIOPLASTIA TRANSLUMINAL DA AORTA OU RAMOS OU DA ARTÉRIA PULMONAR E RAMOS,,,,,HCO,HSO,REF,PAC,,"HEMODINÂMICA - CARDIOLOGIAINTERVENCIONISTA (PROCEDIMENTOSDIAGNÓSTICOS/TERAPÊUTICOS)",SISTEMA CÁRDIO-CIRCULATÓRIO,PROCEDIMENTOS CIRÚRGICOS E INVASIVOS
12,ANGIOPLASTIA TRANSLUMINAL PERCUTÂNEA DE MÚLTIPLOS VASOS OU DE BIFURCAÇÃO COM IMPLANTE DE STENT,,,,,HCO,HSO,REF,PAC,,"HEMODINÂMICA - CARDIOLOGIAINTERVENCIONISTA (PROCEDIMENTOSDIAGNÓSTICOS/TERAPÊUTICOS)",SISTEMA CÁRDIO-CIRCULATÓRIO,PROCEDIMENTOS CIRÚRGICOS E INVASIVOS
13,ANGIOPLASTIA TRANSLUMINAL PERCUTÂNEA POR BALÃO,,,,,HCO,HSO,REF,PAC,,"HEMODINÂMICA - CARDIOLOGIAINTERVENCIONISTA (PROCEDIMENTOSDIAGNÓSTICOS/TERAPÊUTICOS)",SISTEMA CÁRDIO-CIRCULATÓRIO,PROCEDIMENTOS CIRÚRGICOS E INVASIVOS
14,ATRIOSSEPTOSTOMIA,,,,,HCO,HSO,REF,PAC,,"HEMODINÂMICA - CARDIOLOGIAINTERVENCIONISTA (PROCEDIMENTOSDIAGNÓSTICOS/TERAPÊUTICOS)",SISTEMA CÁRDIO-CIRCULATÓRIO,PROCEDIMENTOS CIRÚRGICOS E INVASIVOS
15,AVALIAÇÃO FISIOLÓGICA DA GRAVIDADE DE OBSTRUÇÕES (CATETER OU GUIA),,,,,HCO,HSO,REF,PAC,,"HEMODINÂMICA - CARDIOLOGIAINTERVENCIONISTA (PROCEDIMENTOSDIAGNÓSTICOS/TERAPÊUTICOS)",SISTEMA CÁRDIO-CIRCULATÓRIO,PROCEDIMENTOS CIRÚRGICOS E INVASIVOS
16,BIÓPSIA ENDOMIOCÁRDICA,,,,,HCO,HSO,REF,PAC,,"HEMODINÂMICA - CARDIOLOGIAINTERVENCIONISTA (PROCEDIMENTOSDIAGNÓSTICOS/TERAPÊUTICOS)",SISTEMA CÁRDIO-CIRCULATÓRIO,PROCEDIMENTOS CIRÚRGICOS E INVASIVOS
17,"CATETERISMO CARDÍACO COM CINEANGIOCORONARIOGRAFIA, VENTRICULOGRAFIA E ESTUDO ANGIOGRÁFICO OU CINEANGIOGRÁFICO DA AORTA E/OU RAMOS TÓRACO-ABDOMINAIS E/OU MEMBROS",,,,,HCO,HSO,REF,PAC,,"HEMODINÂMICA - CARDIOLOGIAINTERVENCIONISTA (PROCEDIMENTOSDIAGNÓSTICOS/TERAPÊUTICOS)",SISTEMA CÁRDIO-CIRCULATÓRIO,PROCEDIMENTOS CIRÚRGICOS E INVASIVOS
18,CATETERISMO CARDÍACO D E/OU E COM OU SEM CINECORONARIOGRAFIA / CINEANGIOGRAFIA COM AVALIAÇÃO DE REATIVIDADE VASCULAR PULMONAR OU TESTE DE SOBRECARGA HEMODINÂNICA,,,,,HCO,HSO,REF,PAC,,"HEMODINÂMICA - CARDIOLOGIAINTERVENCIONISTA (PROCEDIMENTOSDIAGNÓSTICOS/TERAPÊUTICOS)",SISTEMA CÁRDIO-CIRCULATÓRIO,PROCEDIMENTOS CIRÚRGICOS E INVASIVOS
