,PROCEDIMENTO,RN (alteração),VIGÊNCIA,OD,AMB,HCO,HSO,REF,PAC,DUT,SUBGRUPO,GRUPO,CAPITULO
0,"LINFONODO, EXAME DE ESFREGAÇO DE ASPIRADO",,,,AMB,HCO,HSO,REF,,,HEMATOLOGIA LABORATORIAL,PROCEDIMENTOS LABORATORIAIS,PROCEDIMENTOS DIAGNÓSTICOS E TERAPÊUTICOS
1,META-HEMOGLOBINA,,,,AMB,HCO,HSO,REF,,,HEMATOLOGIA LABORATORIAL,PROCEDIMENTOS LABORATORIAIS,PROCEDIMENTOS DIAGNÓSTICOS E TERAPÊUTICOS
2,MIELOGRAMA,,,,AMB,HCO,HSO,REF,,,HEMATOLOGIA LABORATORIAL,PROCEDIMENTOS LABORATORIAIS,PROCEDIMENTOS DIAGNÓSTICOS E TERAPÊUTICOS
3,"PIRUVATO QUINASE, TRIAGEM PARA DEFICIÊNCIA",,,,AMB,HCO,HSO,REF,,,HEMATOLOGIA LABORATORIAL,PROCEDIMENTOS LABORATORIAIS,PROCEDIMENTOS DIAGNÓSTICOS E TERAPÊUTICOS
4,"PLAQUETAS, TESTE DE AGREGAÇÃO",,,,AMB,HCO,HSO,REF,,,HEMATOLOGIA LABORATORIAL,PROCEDIMENTOS LABORATORIAIS,PROCEDIMENTOS DIAGNÓSTICOS E TERAPÊUTICOS
5,"PLASMINOGÊNIO, DOSAGEM",,,,AMB,HCO,HSO,REF,,,HEMATOLOGIA LABORATORIAL,PROCEDIMENTOS LABORATORIAIS,PROCEDIMENTOS DIAGNÓSTICOS E TERAPÊUTICOS
6,"PROTEÍNA C, FUNCIONAL",,,,AMB,HCO,HSO,REF,,,HEMATOLOGIA LABORATORIAL,PROCEDIMENTOS LABORATORIAIS,PROCEDIMENTOS DIAGNÓSTICOS E TERAPÊUTICOS
7,"PROTEÍNA S, FUNCIONAL",,,,AMB,HCO,HSO,REF,,,HEMATOLOGIA LABORATORIAL,PROCEDIMENTOS LABORATORIAIS,PROCEDIMENTOS DIAGNÓSTICOS E TERAPÊUTICOS
8,"PROTEÍNA S LIVRE, DOSAGEM",,,,AMB,HCO,HSO,REF,,,HEMATOLOGIA LABORATORIAL,PROCEDIMENTOS LABORATORIAIS,PROCEDIMENTOS DIAGNÓSTICOS E TERAPÊUTICOS
9,PROVA DO LAÇO,,,,AMB,HCO,HSO,REF,,,HEMATOLOGIA LABORATORIAL,PROCEDIMENTOS LABORATORIAIS,PROCEDIMENTOS DIAGNÓSTICOS E TERAPÊUTICOS
10,RESISTÊNCIA GLOBULAR,,,,AMB,HCO,HSO,REF,,,HEMATOLOGIA LABORATORIAL,PROCEDIMENTOS LABORATORIAIS,PROCEDIMENTOS DIAGNÓSTICOS E TERAPÊUTICOS
11,RETRAÇÃO DO COÁGULO,,,,AMB,HCO,HSO,REF,,,HEMATOLOGIA LABORATORIAL,PROCEDIMENTOS LABORATORIAIS,PROCEDIMENTOS DIAGNÓSTICOS E TERAPÊUTICOS
12,"RISTOCETINA, CO-FATOR",,,,AMB,HCO,HSO,REF,,,HEMATOLOGIA LABORATORIAL,PROCEDIMENTOS LABORATORIAIS,PROCEDIMENTOS DIAGNÓSTICOS E TERAPÊUTICOS
13,SULFO-HEMOGLOBINA,,,,AMB,HCO,HSO,REF,,,HEMATOLOGIA LABORATORIAL,PROCEDIMENTOS LABORATORIAIS,PROCEDIMENTOS DIAGNÓSTICOS E TERAPÊUTICOS
14,TEMPO DE COAGULAÇÃO,,,,AMB,HCO,HSO,REF,,,HEMATOLOGIA LABORATORIAL,PROCEDIMENTOS LABORATORIAIS,PROCEDIMENTOS DIAGNÓSTICOS E TERAPÊUTICOS
15,TEMPO DE LISE DE EUGLOBULINA,,,,AMB,HCO,HSO,REF,,,HEMATOLOGIA LABORATORIAL,PROCEDIMENTOS LABORATORIAIS,PROCEDIMENTOS DIAGNÓSTICOS E TERAPÊUTICOS
16,TEMPO DE PROTROMBINA,,,,AMB,HCO,HSO,REF,,,HEMATOLOGIA LABORATORIAL,PROCEDIMENTOS LABORATORIAIS,PROCEDIMENTOS DIAGNÓSTICOS E TERAPÊUTICOS
17,TEMPO DE SANGRAMENTO DE IVY,,,,AMB,HCO,HSO,REF,,,HEMATOLOGIA LABORATORIAL,PROCEDIMENTOS LABORATORIAIS,PROCEDIMENTOS DIAGNÓSTICOS E TERAPÊUTICOS
18,TEMPO DE TROMBINA,,,,AMB,HCO,HSO,REF,,,HEMATOLOGIA LABORATORIAL,PROCEDIMENTOS LABORATORIAIS,PROCEDIMENTOS DIAGNÓSTICOS E TERAPÊUTICOS
