,PROCEDIMENTO,RN (alteração),VIGÊNCIA,OD,AMB,HCO,HSO,REF,PAC,DUT,SUBGRUPO,GRUPO,CAPITULO
0,DESARTICULAÇÃO DE JOELHO - TRATAMENTO CIRÚRGICO,,,,,HCO,HSO,REF,,,MEMBROS INFERIORES,SISTEMA MÚSCULO-ESQUELÉTICO E ARTICULAÇÕES,PROCEDIMENTOS CIRÚRGICOS E INVASIVOS
1,DESCOLAMENTO EPIFISÁRIO (TRAUMÁTICO OU NÃO) - REDUÇÃO INCRUENTA,,,,AMB,HCO,HSO,REF,,,MEMBROS INFERIORES,SISTEMA MÚSCULO-ESQUELÉTICO E ARTICULAÇÕES,PROCEDIMENTOS CIRÚRGICOS E INVASIVOS
2,DESCOLAMENTO EPIFISÁRIO (TRAUMÁTICO OU NÃO) - TRATAMENTO CIRÚRGICO,,,,,HCO,HSO,REF,,,MEMBROS INFERIORES,SISTEMA MÚSCULO-ESQUELÉTICO E ARTICULAÇÕES,PROCEDIMENTOS CIRÚRGICOS E INVASIVOS
3,ENCURTAMENTO DE FÊMUR - TRATAMENTO CIRÚRGICO,,,,,HCO,HSO,REF,,,MEMBROS INFERIORES,SISTEMA MÚSCULO-ESQUELÉTICO E ARTICULAÇÕES,PROCEDIMENTOS CIRÚRGICOS E INVASIVOS
4,ENCURTAMENTO DOS OSSOS DA PERNA - TRATAMENTO CIRÚRGICO,,,,,HCO,HSO,REF,,,MEMBROS INFERIORES,SISTEMA MÚSCULO-ESQUELÉTICO E ARTICULAÇÕES,PROCEDIMENTOS CIRÚRGICOS E INVASIVOS
5,EPIFISIODESE - TRATAMENTO CIRÚRGICO,,,,,HCO,HSO,REF,,,MEMBROS INFERIORES,SISTEMA MÚSCULO-ESQUELÉTICO E ARTICULAÇÕES,PROCEDIMENTOS CIRÚRGICOS E INVASIVOS
6,EPIFISIODESE DE TÍBIA / FÍBULA - TRATAMENTO CIRÚRGICO,,,,,HCO,HSO,REF,,,MEMBROS INFERIORES,SISTEMA MÚSCULO-ESQUELÉTICO E ARTICULAÇÕES,PROCEDIMENTOS CIRÚRGICOS E INVASIVOS
7,FASCIOTOMIA OU RESSECÇÃO DE FASCIA PLANTAR,,,,,HCO,HSO,REF,,,MEMBROS INFERIORES,SISTEMA MÚSCULO-ESQUELÉTICO E ARTICULAÇÕES,PROCEDIMENTOS CIRÚRGICOS E INVASIVOS
8,FRATURA E/OU LUXAÇÃO DE PATELA - TRATAMENTO CIRÚRGICO,,,,,HCO,HSO,REF,,,MEMBROS INFERIORES,SISTEMA MÚSCULO-ESQUELÉTICO E ARTICULAÇÕES,PROCEDIMENTOS CIRÚRGICOS E INVASIVOS
9,FRATURA E/OU LUXAÇÃO DE PATELA (INCLUSIVE OSTEOCONDRAL) - REDUÇÃO INCRUENTA,,,,,HCO,HSO,REF,,,MEMBROS INFERIORES,SISTEMA MÚSCULO-ESQUELÉTICO E ARTICULAÇÕES,PROCEDIMENTOS CIRÚRGICOS E INVASIVOS
10,FRATURA E/OU LUXAÇÕES DO PÉ (EXCETO ANTEPÉ) - REDUÇÃO INCRUENTA,,,,AMB,HCO,HSO,REF,,,MEMBROS INFERIORES,SISTEMA MÚSCULO-ESQUELÉTICO E ARTICULAÇÕES,PROCEDIMENTOS CIRÚRGICOS E INVASIVOS
11,FRATURA E/OU LUXAÇÕES DO PÉ (EXCETO ANTEPÉ) - TRATAMENTO CIRÚRGICO,,,,,HCO,HSO,REF,,,MEMBROS INFERIORES,SISTEMA MÚSCULO-ESQUELÉTICO E ARTICULAÇÕES,PROCEDIMENTOS CIRÚRGICOS E INVASIVOS
12,FRATURAS DE FÊMUR - REDUÇÃO INCRUENTA,,,,,HCO,HSO,REF,,,MEMBROS INFERIORES,SISTEMA MÚSCULO-ESQUELÉTICO E ARTICULAÇÕES,PROCEDIMENTOS CIRÚRGICOS E INVASIVOS
13,FRATURAS DE FÊMUR - TRATAMENTO CIRÚRGICO,,,,,HCO,HSO,REF,,,MEMBROS INFERIORES,SISTEMA MÚSCULO-ESQUELÉTICO E ARTICULAÇÕES,PROCEDIMENTOS CIRÚRGICOS E INVASIVOS
14,FRATURAS DE FÍBULA - (INCLUI DESCOLAMENTO EPIFISÁRIO) - REDUÇÃO INCRUENTA,,,,AMB,HCO,HSO,REF,,,MEMBROS INFERIORES,SISTEMA MÚSCULO-ESQUELÉTICO E ARTICULAÇÕES,PROCEDIMENTOS CIRÚRGICOS E INVASIVOS
15,FRATURAS DE FÍBULA (INCLUI O DESCOLAMENTO EPIFISÁRIO) - TRATAMENTO CIRÚRGICO,,,,,HCO,HSO,REF,,,MEMBROS INFERIORES,SISTEMA MÚSCULO-ESQUELÉTICO E ARTICULAÇÕES,PROCEDIMENTOS CIRÚRGICOS E INVASIVOS
16,FRATURAS DE TÍBIA ASSOCIADA OU NÃO A FÍBULA (INCLUI DESCOLAMENTO EPIFISÁRIO) - TRATAMENTO CIRÚRGICO,,,,,HCO,HSO,REF,,,MEMBROS INFERIORES,SISTEMA MÚSCULO-ESQUELÉTICO E ARTICULAÇÕES,PROCEDIMENTOS CIRÚRGICOS E INVASIVOS
17,FRATURAS DE TÍBIA E FÍBULA (INCLUI DESCOLAMENTO EPIFISÁRIO) - REDUÇÃO INCRUENTA,,,,AMB,HCO,HSO,REF,,,MEMBROS INFERIORES,SISTEMA MÚSCULO-ESQUELÉTICO E ARTICULAÇÕES,PROCEDIMENTOS CIRÚRGICOS E INVASIVOS
18,FRATURAS E/OU LUXAÇÕES AO NÍVEL DO JOELHO - REDUÇÃO INCRUENTA,,,,AMB,HCO,HSO,REF,,,MEMBROS INFERIORES,SISTEMA MÚSCULO-ESQUELÉTICO E ARTICULAÇÕES,PROCEDIMENTOS CIRÚRGICOS E INVASIVOS
