,PROCEDIMENTO,RN (alteração),VIGÊNCIA,OD,AMB,HCO,HSO,REF,PAC,DUT,SUBGRUPO,GRUPO,CAPITULO
0,COLOSTOMIA OU ENTEROSTOMIA - CONFECÇÃO / FECHAMENTO,,,,,HCO,HSO,REF,,,INTESTINOS,SISTEMA DIGESTIVO E ANEXOS,PROCEDIMENTOS CIRÚRGICOS E INVASIVOS
1,COLOTOMIA E COLORRAFIA,,,,,HCO,HSO,REF,,,INTESTINOS,SISTEMA DIGESTIVO E ANEXOS,PROCEDIMENTOS CIRÚRGICOS E INVASIVOS
2,DESTORÇÃO DE VOLVO POR LAPAROTOMIA OU POR VIA ENDOSCÓPICA,,,,,HCO,HSO,REF,,,INTESTINOS,SISTEMA DIGESTIVO E ANEXOS,PROCEDIMENTOS CIRÚRGICOS E INVASIVOS
3,DISTORÇÃO DE VOLVO POR VIDEOLAPAROSCOPIA,,,,,HCO,HSO,REF,,,INTESTINOS,SISTEMA DIGESTIVO E ANEXOS,PROCEDIMENTOS CIRÚRGICOS E INVASIVOS
4,DIVERTÍCULO DE MECKEL - EXÉRESE,,,,,HCO,HSO,REF,,,INTESTINOS,SISTEMA DIGESTIVO E ANEXOS,PROCEDIMENTOS CIRÚRGICOS E INVASIVOS
5,DIVERTÍCULO DE MECKEL - EXÉRESE POR VIDEOLAPAROSCOPIA,,,,,HCO,HSO,REF,,,INTESTINOS,SISTEMA DIGESTIVO E ANEXOS,PROCEDIMENTOS CIRÚRGICOS E INVASIVOS
6,DUPLICAÇÃO DO TUBO DIGESTIVO - TRATAMENTO CIRÚRGICO,,,,,HCO,HSO,REF,,,INTESTINOS,SISTEMA DIGESTIVO E ANEXOS,PROCEDIMENTOS CIRÚRGICOS E INVASIVOS
7,ENTERECTOMIA,,,,,HCO,HSO,REF,,,INTESTINOS,SISTEMA DIGESTIVO E ANEXOS,PROCEDIMENTOS CIRÚRGICOS E INVASIVOS
8,ENTERECTOMIA POR VIDEOLAPAROSCOPIA,,,,,HCO,HSO,REF,,,INTESTINOS,SISTEMA DIGESTIVO E ANEXOS,PROCEDIMENTOS CIRÚRGICOS E INVASIVOS
9,ENTERO-ANASTOMOSE,,,,,HCO,HSO,REF,,,INTESTINOS,SISTEMA DIGESTIVO E ANEXOS,PROCEDIMENTOS CIRÚRGICOS E INVASIVOS
10,ENTERO-ANASTOMOSE POR VIDEOLAPAROSCOPIA,,,,,HCO,HSO,REF,,,INTESTINOS,SISTEMA DIGESTIVO E ANEXOS,PROCEDIMENTOS CIRÚRGICOS E INVASIVOS
11,ENTEROCOLITE NECROTIZANTE - TRATAMENTO CIRÚRGICO,,,,,HCO,HSO,REF,,,INTESTINOS,SISTEMA DIGESTIVO E ANEXOS,PROCEDIMENTOS CIRÚRGICOS E INVASIVOS
12,ENTEROPEXIA,,,,,HCO,HSO,REF,,,INTESTINOS,SISTEMA DIGESTIVO E ANEXOS,PROCEDIMENTOS CIRÚRGICOS E INVASIVOS
13,ENTEROPEXIA (QUALQUER SEGMENTO) POR VIDEOLAPAROSCOPIA,,,,,HCO,HSO,REF,,,INTESTINOS,SISTEMA DIGESTIVO E ANEXOS,PROCEDIMENTOS CIRÚRGICOS E INVASIVOS
14,ENTEROTOMIA E/OU ENTERORRAFIA,,,,,HCO,HSO,REF,,,INTESTINOS,SISTEMA DIGESTIVO E ANEXOS,PROCEDIMENTOS CIRÚRGICOS E INVASIVOS
15,ESPORÃO RETAL - RESSECÇÃO,,,,,HCO,HSO,REF,,,INTESTINOS,SISTEMA DIGESTIVO E ANEXOS,PROCEDIMENTOS CIRÚRGICOS E INVASIVOS
16,ESVAZIAMENTO PÉLVICO,,,,,HCO,HSO,REF,,,INTESTINOS,SISTEMA DIGESTIVO E ANEXOS,PROCEDIMENTOS CIRÚRGICOS E INVASIVOS
17,ESVAZIAMENTO PÉLVICO POR VIDEOLAPAROSCOPIA,,,,,HCO,HSO,REF,,,INTESTINOS,SISTEMA DIGESTIVO E ANEXOS,PROCEDIMENTOS CIRÚRGICOS E INVASIVOS
18,FECALOMA - REMOÇÃO MANUAL,,,,AMB,HCO,HSO,REF,,,INTESTINOS,SISTEMA DIGESTIVO E ANEXOS,PROCEDIMENTOS CIRÚRGICOS E INVASIVOS
