,PROCEDIMENTO,RN (alteração),VIGÊNCIA,OD,AMB,HCO,HSO,REF,PAC,DUT,SUBGRUPO,GRUPO,CAPITULO
0,TRATAMENTO CIRÚRGICO DA ARTRODIASTASE COM OU SEM FIXADOR EXTERNO,,,,,HCO,HSO,REF,,,MEMBROS SUPERIORES,SISTEMA MÚSCULO-ESQUELÉTICO E ARTICULAÇÕES,PROCEDIMENTOS CIRÚRGICOS E INVASIVOS
1,TRATAMENTO CIRÚRGICO DA CONTRATURA ISQUÊMICA DE MÃO,,,,,HCO,HSO,REF,,,MEMBROS SUPERIORES,SISTEMA MÚSCULO-ESQUELÉTICO E ARTICULAÇÕES,PROCEDIMENTOS CIRÚRGICOS E INVASIVOS
2,TRATAMENTO CIRÚRGICO DA CONTRATURA ISQUÊMICA DE VOLKMANN,,,,,HCO,HSO,REF,,,MEMBROS SUPERIORES,SISTEMA MÚSCULO-ESQUELÉTICO E ARTICULAÇÕES,PROCEDIMENTOS CIRÚRGICOS E INVASIVOS
3,TRATAMENTO CIRÚRGICO DA DESARTICULAÇÃO DO PUNHO,,,,,HCO,HSO,REF,,,MEMBROS SUPERIORES,SISTEMA MÚSCULO-ESQUELÉTICO E ARTICULAÇÕES,PROCEDIMENTOS CIRÚRGICOS E INVASIVOS
4,TRATAMENTO CIRÚRGICO DA OSTEOMIELITE,,,,,HCO,HSO,REF,,,MEMBROS SUPERIORES,SISTEMA MÚSCULO-ESQUELÉTICO E ARTICULAÇÕES,PROCEDIMENTOS CIRÚRGICOS E INVASIVOS
5,"TRATAMENTO CIRÚRGICO DA RETRAÇÃO CICATRICIAL DE DEDOS, COM OU SEM COMPROMETIMENTO TENDINOSO",,,,,HCO,HSO,REF,,,MEMBROS SUPERIORES,SISTEMA MÚSCULO-ESQUELÉTICO E ARTICULAÇÕES,PROCEDIMENTOS CIRÚRGICOS E INVASIVOS
6,TRATAMENTO CIRÚRGICO DA SINDACTILIA COM OU SEM EMPREGO DE EXPANSOR,,,,,HCO,HSO,REF,,,MEMBROS SUPERIORES,SISTEMA MÚSCULO-ESQUELÉTICO E ARTICULAÇÕES,PROCEDIMENTOS CIRÚRGICOS E INVASIVOS
7,TRATAMENTO CIRÚRGICO DA SINDACTILIA MÚLTIPLA COM EMPREGO DE EXPANSOR,,,,,HCO,HSO,REF,,,MEMBROS SUPERIORES,SISTEMA MÚSCULO-ESQUELÉTICO E ARTICULAÇÕES,PROCEDIMENTOS CIRÚRGICOS E INVASIVOS
8,TRATAMENTO CIRÚRGICO DA SINOSTOSE RÁDIO-ULNAR,,,,,HCO,HSO,REF,,,MEMBROS SUPERIORES,SISTEMA MÚSCULO-ESQUELÉTICO E ARTICULAÇÕES,PROCEDIMENTOS CIRÚRGICOS E INVASIVOS
9,TRATAMENTO CIRÚRGICO DAS ROTURAS TENDINO-LIGAMENTARES DA MÃO,,,,,HCO,HSO,REF,,,MEMBROS SUPERIORES,SISTEMA MÚSCULO-ESQUELÉTICO E ARTICULAÇÕES,PROCEDIMENTOS CIRÚRGICOS E INVASIVOS
10,"TRATAMENTO CIRÚRGICO DE ABSCESSO DE MÃO E DEDOS, ESPAÇOS PALMARES, DORSAIS E COMISSURAIS E TENOSSINOVITES",,,,AMB,HCO,HSO,REF,,,MEMBROS SUPERIORES,SISTEMA MÚSCULO-ESQUELÉTICO E ARTICULAÇÕES,PROCEDIMENTOS CIRÚRGICOS E INVASIVOS
11,TRATAMENTO CIRÙRGICO DE ENCURTAMENTO SEGMENTAR DOS OSSOS COM OSTEOSSÍNTESE,,,,,HCO,HSO,REF,,,MEMBROS SUPERIORES,SISTEMA MÚSCULO-ESQUELÉTICO E ARTICULAÇÕES,PROCEDIMENTOS CIRÚRGICOS E INVASIVOS
12,"TRATAMENTO CIRÚRGICO DE POLIDACTILIA SIMPLES, COMPLEXA OU MÚLTIPLA",,,,,HCO,HSO,REF,,,MEMBROS SUPERIORES,SISTEMA MÚSCULO-ESQUELÉTICO E ARTICULAÇÕES,PROCEDIMENTOS CIRÚRGICOS E INVASIVOS
13,"TRATAMENTO CIRÚRGICO DE TENDINITES, SINOVITES E ARTRITES",,,,,HCO,HSO,REF,,,MEMBROS SUPERIORES,SISTEMA MÚSCULO-ESQUELÉTICO E ARTICULAÇÕES,PROCEDIMENTOS CIRÚRGICOS E INVASIVOS
14,TRATAMENTO CIRÚRGICO DO GIGANTISMO EM MÃO,,,,,HCO,HSO,REF,,,MEMBROS SUPERIORES,SISTEMA MÚSCULO-ESQUELÉTICO E ARTICULAÇÕES,PROCEDIMENTOS CIRÚRGICOS E INVASIVOS
15,TRATAMENTO CIRÚRGICO REPARADOR DA PERDA DE SUBSTÂNCIA DA MÃO,,,,,HCO,HSO,REF,,,MEMBROS SUPERIORES,SISTEMA MÚSCULO-ESQUELÉTICO E ARTICULAÇÕES,PROCEDIMENTOS CIRÚRGICOS E INVASIVOS
16,TRATAMENTO DA DOENÇA DE KIENBOCK COM TRANSPLANTE VASCULARIZADO,,,,,HCO,HSO,REF,,,MEMBROS SUPERIORES,SISTEMA MÚSCULO-ESQUELÉTICO E ARTICULAÇÕES,PROCEDIMENTOS CIRÚRGICOS E INVASIVOS
17,TRATAMENTO DA PSEUDARTROSE COM PERDA DE SUBSTÂNCIAS DE METACARPIANO E FALANGES,,,,,HCO,HSO,REF,,,MEMBROS SUPERIORES,SISTEMA MÚSCULO-ESQUELÉTICO E ARTICULAÇÕES,PROCEDIMENTOS CIRÚRGICOS E INVASIVOS
18,TRATAMENTO DA PSEUDOARTROSE DO ESCAFÓIDE COM TRANSPLANTE ÓSSEO VASCULARIZADO COM OU SEM FIXAÇÃO COM MICRO PARAFUSO,,,,,HCO,HSO,REF,,,MEMBROS SUPERIORES,SISTEMA MÚSCULO-ESQUELÉTICO E ARTICULAÇÕES,PROCEDIMENTOS CIRÚRGICOS E INVASIVOS
