,PROCEDIMENTO,RN (alteração),VIGÊNCIA,OD,AMB,HCO,HSO,REF,PAC,DUT,SUBGRUPO,GRUPO,CAPITULO
0,TRAQUEOSTOMIA MEDIASTINAL,,,,,HCO,HSO,REF,,,TRAQUÉIA,SISTEMA RESPIRATÓRIO E MEDIASTINO,PROCEDIMENTOS CIRÚRGICOS E INVASIVOS
1,TRAQUEOTOMIA OU FECHAMENTO CIRÚRGICO,,,,,HCO,HSO,REF,,,TRAQUÉIA,SISTEMA RESPIRATÓRIO E MEDIASTINO,PROCEDIMENTOS CIRÚRGICOS E INVASIVOS
2,TRATAMENTO CIRÚRGICO DE FÍSTULA TRAQUEOESOFÁGICA ADQUIRIDA,,,,,HCO,HSO,REF,,,TRAQUÉIA,SISTEMA RESPIRATÓRIO E MEDIASTINO,PROCEDIMENTOS CIRÚRGICOS E INVASIVOS
3,TROCA DE PRÓTESE TRÁQUEO-ESOFÁGICA,,,,,HCO,HSO,REF,,,TRAQUÉIA,SISTEMA RESPIRATÓRIO E MEDIASTINO,PROCEDIMENTOS CIRÚRGICOS E INVASIVOS
4,BRONCOPLASTIA E/OU ARTERIOPLASTIA,,,,,HCO,HSO,REF,,,BRÔNQUIOS,SISTEMA RESPIRATÓRIO E MEDIASTINO,PROCEDIMENTOS CIRÚRGICOS E INVASIVOS
5,BRONCOPLASTIA E/OU ARTERIOPLASTIA POR VIDEOTORACOSCOPIA,,,,,HCO,HSO,REF,,,BRÔNQUIOS,SISTEMA RESPIRATÓRIO E MEDIASTINO,PROCEDIMENTOS CIRÚRGICOS E INVASIVOS
6,BRONCOTOMIA E/OU BRONCORRAFIA,,,,,HCO,HSO,REF,,,BRÔNQUIOS,SISTEMA RESPIRATÓRIO E MEDIASTINO,PROCEDIMENTOS CIRÚRGICOS E INVASIVOS
7,BRONCOTOMIA E/OU BRONCORRAFIA POR VIDEOTORACOSCOPIA,,,,,HCO,HSO,REF,,,BRÔNQUIOS,SISTEMA RESPIRATÓRIO E MEDIASTINO,PROCEDIMENTOS CIRÚRGICOS E INVASIVOS
8,COLOCAÇÃO DE MOLDE BRÔNQUICO POR TORACOTOMIA,,,,,HCO,HSO,REF,,,BRÔNQUIOS,SISTEMA RESPIRATÓRIO E MEDIASTINO,PROCEDIMENTOS CIRÚRGICOS E INVASIVOS
9,BULECTOMIA,,,,,HCO,HSO,REF,,,PULMÃO,SISTEMA RESPIRATÓRIO E MEDIASTINO,PROCEDIMENTOS CIRÚRGICOS E INVASIVOS
10,BULECTOMIA POR VIDEOTORACOSCOPIA,,,,,HCO,HSO,REF,,,PULMÃO,SISTEMA RESPIRATÓRIO E MEDIASTINO,PROCEDIMENTOS CIRÚRGICOS E INVASIVOS
11,CIRURGIA REDUTORA DO VOLUME PULMONAR,,,,,HCO,HSO,REF,,,PULMÃO,SISTEMA RESPIRATÓRIO E MEDIASTINO,PROCEDIMENTOS CIRÚRGICOS E INVASIVOS
12,CISTO PULMONAR CONGÊNITO - TRATAMENTO CIRÚRGICO,,,,,HCO,HSO,REF,,,PULMÃO,SISTEMA RESPIRATÓRIO E MEDIASTINO,PROCEDIMENTOS CIRÚRGICOS E INVASIVOS
13,CORREÇÃO DE FÍSTULA BRONCO-PLEURAL,,,,,HCO,HSO,REF,,,PULMÃO,SISTEMA RESPIRATÓRIO E MEDIASTINO,PROCEDIMENTOS CIRÚRGICOS E INVASIVOS
14,DRENAGEM TUBULAR ABERTA DE CAVIDADE PULMONAR,,,,,HCO,HSO,REF,,,PULMÃO,SISTEMA RESPIRATÓRIO E MEDIASTINO,PROCEDIMENTOS CIRÚRGICOS E INVASIVOS
15,DRENAGEM TUBULAR ABERTA DE CAVIDADE PULMONAR POR VIDEOTORACOSCOPIA,,,,,HCO,HSO,REF,,,PULMÃO,SISTEMA RESPIRATÓRIO E MEDIASTINO,PROCEDIMENTOS CIRÚRGICOS E INVASIVOS
16,EMBOLECTOMIA PULMONAR,,,,,HCO,HSO,REF,,,PULMÃO,SISTEMA RESPIRATÓRIO E MEDIASTINO,PROCEDIMENTOS CIRÚRGICOS E INVASIVOS
17,LOBECTOMIA POR MALFORMAÇÃO PULMONAR,,,,,HCO,HSO,REF,,,PULMÃO,SISTEMA RESPIRATÓRIO E MEDIASTINO,PROCEDIMENTOS CIRÚRGICOS E INVASIVOS
18,LOBECTOMIA PULMONAR,,,,,HCO,HSO,REF,,,PULMÃO,SISTEMA RESPIRATÓRIO E MEDIASTINO,PROCEDIMENTOS CIRÚRGICOS E INVASIVOS
